filename,pred_lat,pred_lng
001fae9d954344049b876cebe6722280.jpg,62.89474868774414,20.870967864990234
00222ef1c8184c88beccad680e7191a0.jpg,49.242706298828125,6.9243903160095215
0027a46dccf74e929dd3f37758ac103c.jpg,45.858394622802734,11.342495918273926
00389c33503843e0bc58e7968edced1d.jpg,57.780948638916016,26.166378021240234
0054cf7ba4b249c19241861fe458c5ac.jpg,43.631736755371094,4.630002975463867
005a14f39b084283ad0fc2719f2bcbcd.jpg,57.28746032714844,21.81309700012207
005b92002b334208a093c64b72a6f050.jpg,50.215728759765625,7.77601432800293
00600be822c549c8af39f1f5b5ede3f9.jpg,68.8712158203125,23.38979721069336
00a389ef8cdf4a099975c92f5a13422b.jpg,47.05242156982422,5.5705742835998535
00c9d136add74973ab3c6404ffa434f0.jpg,53.11296463012695,26.015687942504883
010f3568ddb44b0982a3075b43d9b440.jpg,53.436622619628906,13.684918403625488
011f3eeea027469d89e4f00665769d78.jpg,48.2122802734375,19.45976448059082
0158bcbd60da40c4917aa2420aa634ba.jpg,42.93666458129883,9.390074729919434
015c78502d9947e08fb60e599669f4fa.jpg,52.2095947265625,12.450675964355469
01629cbcd65e44eab22002e5b14b6548.jpg,47.23747634887695,8.62437915802002
01763de348364d1fbc579146df97d37b.jpg,59.40910720825195,-17.1259765625
017dcb831cfc4a9882940697888d0ced.jpg,52.06111145019531,12.122177124023438
019be938f1a0455391c20b98f6572499.jpg,59.595890045166016,-10.453237533569336
01c4f0fa97f04783a3211a6de2c23e73.jpg,53.087215423583984,22.117733001708984
01d25cf1ee5e4830aaeb6074205ad62a.jpg,57.65312957763672,14.139396667480469
01ed23a01df94ef0844e8b2fa331c129.jpg,47.57770538330078,12.684589385986328
01f3b2d2ea3b47b9bca965a88d83eac0.jpg,48.23663330078125,12.072084426879883
02084e36bc444ef39c31e5948701b1c4.jpg,65.64079284667969,-18.927820205688477
020abdf2c3e745a5b90bfd47d8b501cd.jpg,48.64080047607422,11.372092247009277
02396ad84a354364a48904bcd95f5892.jpg,48.120384216308594,16.576248168945312
027ac7c887664ffea1f4a1fc3220b291.jpg,48.75278091430664,7.16740608215332
0281d1f979db48e59b67476e0da95e84.jpg,62.27998733520508,24.549732208251953
02b5f7fd8597422da833262fcdf45133.jpg,53.48789978027344,20.063610076904297
02c266dc9ab544118b1dd84a59573848.jpg,51.20842742919922,1.5706157684326172
02cfb3b2ae52430e9d6f2509958a8362.jpg,50.833953857421875,15.017199516296387
03037f65db5c40229e4a5e0c73c9a4c9.jpg,48.496944427490234,11.238240242004395
03085b4a390f49b1bbe5fd33a9d54fab.jpg,56.62419128417969,6.9453229904174805
032de27479144290872ebe1c8ecad565.jpg,53.231082916259766,9.891729354858398
0330096bbcf54b5ebcd1de0742b4074c.jpg,51.45148468017578,2.270827293395996
0334589dd76a41a8bede99449407e309.jpg,57.66059112548828,13.056122779846191
037a3d3307cc48f1aedd3a47ddc879bc.jpg,52.139801025390625,11.872828483581543
039327fb6356427985c851ee92719f18.jpg,63.48884963989258,18.113059997558594
039a4c0b623f4e8185029fb3f9866add.jpg,53.88680648803711,14.10374927520752
03cc82a39824455db366010f9d112f61.jpg,51.846473693847656,4.807868957519531
03d919f497eb487a9e25a27ca30f2d91.jpg,45.3345947265625,4.466982841491699
03fbaf0fcede4ea9aaacbb50a55a4d42.jpg,50.59123611450195,12.220864295959473
041fe0bb00d44f4b80ef5dd4dfd8b737.jpg,56.999046325683594,11.67935562133789
0449d499f8844256b20b6d0cedf307b5.jpg,53.12028503417969,-13.514110565185547
0477125874354cf485541b2339ca588f.jpg,50.0372314453125,16.588613510131836
04fe9d8d9b504dcab6c55bf76b3db4db.jpg,47.62440490722656,16.786109924316406
05170958f1e54c7fbc02d5ceb9653671.jpg,48.27216339111328,9.047394752502441
05291c9478524b70ac38889b36cd5d11.jpg,52.07634735107422,20.236513137817383
055489f8e5cb4ea9b7e4570c4e22e857.jpg,56.92997360229492,17.288333892822266
0557ca61379d43dd812e5775422c23bb.jpg,56.10082244873047,14.842484474182129
056f44a7c71f4491af64396f932cdf77.jpg,38.634151458740234,26.706939697265625
059d0b5017b948109e94df1fcceb14a3.jpg,54.83250045776367,13.994132041931152
05aefc0ae7904acb93003092f57b9c7d.jpg,56.42029571533203,10.745133399963379
05c853aef97a4e9caeb3266643564968.jpg,65.66325378417969,-11.982746124267578
05d5a304941b416b836917fde606d0fc.jpg,52.6458854675293,20.17621612548828
061c315f556d4c32b19bb6227161c931.jpg,59.125762939453125,17.495046615600586
062b12213fe745c3805f9c2d44f2e16c.jpg,47.9173469543457,9.256023406982422
06345666b32242269cd3712f2b6965b4.jpg,51.72325134277344,19.340974807739258
06411cf3183b455eae932245371997f1.jpg,53.315635681152344,26.235992431640625
06ada4f3175a473c800ec8c7c4e2558f.jpg,50.823509216308594,17.775922775268555
06cc722a9ca84af889604e2be2603e7b.jpg,45.80080032348633,8.906566619873047
06fc5839af1246da863db06b6fd1f071.jpg,62.06999969482422,-8.005985260009766
0717e95cbd394dedba23da6590b5b9ec.jpg,48.675453186035156,11.820282936096191
0729960565b04ff8aecf6acfa3daffb1.jpg,64.39775085449219,20.6282901763916
073e9ca6d23741d7bf270cffb5fb056a.jpg,46.30174255371094,15.328935623168945
074041e9efe241d3bc9cc049637c126a.jpg,61.1402473449707,21.225841522216797
0759c887f49e4e9d8835da0a5cf296fd.jpg,56.891387939453125,22.054000854492188
0768a5db598c4bc5959872f483d0b7e6.jpg,50.453338623046875,-9.12728500366211
076b8a6ef1554a188da9d2e68b0eef57.jpg,48.04053497314453,24.223997116088867
07bdda5d0a414396995078b24aefe1ac.jpg,60.674842834472656,-10.311967849731445
07d372d78fb44e3f82a00d4ae76401d3.jpg,63.55860137939453,8.602682113647461
07ec8c55ce0c44b9958bc1f1f63de81c.jpg,52.32399368286133,-3.1597156524658203
07f6957757414b959e2738d4f99f1ca3.jpg,66.46307373046875,23.575637817382812
083cfbd8207e48c49ca113114adf272d.jpg,52.425655364990234,7.787354469299316
08690ead2bb44f99875f736fa2860edd.jpg,70.13157653808594,29.46275520324707
087afc88e7ed4940b546a888fbc3dcfc.jpg,58.0761604309082,-6.450130462646484
08c494f084db41c7967e486f43da3a25.jpg,57.24799728393555,13.311241149902344
08cbefd210f34870b3ca2ddf920ca651.jpg,47.43210983276367,13.047721862792969
08e0525962e5485ba3c0af0517451fd2.jpg,53.02585983276367,14.68740463256836
08f195bdc639487788d98e6a05315af1.jpg,53.62873458862305,3.4495439529418945
090ba2c8d1fd4a28bed96de0a8b4e0f0.jpg,50.47425079345703,10.587044715881348
090c2f749fcd4de8a6310bd8503b0d72.jpg,50.87229537963867,15.151102066040039
0916812418ad47118dfb3ba5dc35f67f.jpg,50.159610748291016,2.5346975326538086
094522cd2a844ff8b502fcef5be678c4.jpg,46.48899841308594,18.188398361206055
09581fd6287b4ee79f1e34804177bb30.jpg,48.086387634277344,0.8088722229003906
0962b455162a4f43a96b1369a8afe888.jpg,51.898983001708984,12.081165313720703
09a550cf7ad54054964f70fc6d7ad281.jpg,55.54460525512695,17.764142990112305
09d94ac984cb4d23b0d219c8a94dc218.jpg,40.95880126953125,9.0318021774292
0a3d28adb7c04d3992a29215682fa886.jpg,51.372779846191406,21.519763946533203
0a4e979901d24c4aacfdfe4b10376c66.jpg,48.141265869140625,19.8377685546875
0a6c12a1c9384f32bc766060efab0007.jpg,54.42041778564453,14.81240463256836
0a7f526f7a3948b283573a48ceb02ff7.jpg,61.4188117980957,-13.311416625976562
0a812f28cef84df4ac17faf7d766d675.jpg,53.47394561767578,14.183394432067871
0a8f2b68d28643a599f1d30d15c7a7a2.jpg,58.4276123046875,15.911958694458008
0a9ccd0a79d045d8ab26d16d8612a303.jpg,58.41889572143555,16.481523513793945
0aae83928ec84609bbbee10139286a74.jpg,53.00125503540039,8.422870635986328
0b4e87f260bf4291bb1ab87f679d8d5a.jpg,62.17627716064453,21.737369537353516
0b50961322c54b35817632a635de66b6.jpg,53.20069885253906,17.429489135742188
0b63026ca90d4518825008bf5274e386.jpg,43.32289123535156,7.759391784667969
0b671b5673804fc1b5c37ba5ad963911.jpg,45.3853759765625,4.336415767669678
0b67709695904832a5b6c83f97c41bb6.jpg,45.41402816772461,10.420336723327637
0bcf972e91264e2bad8d2ab61dbffd46.jpg,38.78059387207031,12.329608917236328
0be7ba2a5c524e19b735949402c0a512.jpg,64.2610092163086,-13.67057991027832
0c1be408c37e41ea840b262046cef492.jpg,52.998329162597656,7.3663740158081055
0c1c0d4d5a4748c590775862b5a83f6c.jpg,45.44914245605469,7.317867755889893
0c1db76f89b440edb939866a2596b7dd.jpg,51.52031326293945,12.45083236694336
0c23de7455ad4136bd0f83e2d187ffa2.jpg,45.3076057434082,10.717123985290527
0c3e1b48c7854dbf860b9c5c86c5a098.jpg,50.32045364379883,15.764348983764648
0c5b385403094c7a93c03b840188863c.jpg,60.12344741821289,15.998886108398438
0c5e61431ce34eea9417c54b12022b51.jpg,55.980384826660156,-3.9581050872802734
0c741a5c5f13448ca608c5de87dd6aa8.jpg,58.17424774169922,16.939899444580078
0ced55bbce5e45cc9a2afc83116be543.jpg,52.90686798095703,10.151969909667969
0cfbea8ad9d54210800a5cda19199a9d.jpg,58.36454772949219,17.237504959106445
0d298cb27bca44858ef0ed4d4d7faa11.jpg,55.716190338134766,16.945011138916016
0d7b1e5158e443baa5007a61d5708dbb.jpg,55.48062515258789,16.62901496887207
0daa52205550481bbcad2817de2f3a20.jpg,58.18975067138672,15.544875144958496
0dbba1387c0448b389f6a4f06c1e4d99.jpg,52.17570877075195,9.442581176757812
0dbe29871c504729a59d93031bbef69f.jpg,56.01980972290039,26.641338348388672
0dc05fc1b6204fdc99354446b9a27a0c.jpg,51.36658477783203,24.113882064819336
0deaa5ebdaa14c1da37f06c02eeab4c6.jpg,56.40330123901367,2.527332305908203
0deb5287015c432f9b5c8426febf30ae.jpg,43.86295700073242,9.758723258972168
0e05388acfb245eb9e578f81ca37462f.jpg,43.95274353027344,7.400160789489746
0e5a18b486d340888ac53fae0cb8ec12.jpg,52.16914367675781,12.693129539489746
0e993de5391e43d1ae8a18a30c12da4f.jpg,44.11343002319336,14.366898536682129
0ea410759f4241028a09d0405e5021c5.jpg,53.41146469116211,-4.924934387207031
0ec7bb1024074090afa2e13f1ee307c3.jpg,53.65993881225586,14.371053695678711
0ecb284cf7644d598d47eb599d696343.jpg,52.691585540771484,15.43537425994873
0ed5c22b6d66442b99d342e9e6d284da.jpg,56.31958770751953,-8.04269027709961
0eebf290999e40d4b75d59436eebf2c0.jpg,52.82210159301758,2.103435516357422
0ef72e980626451e92ab890ac25c8586.jpg,50.150997161865234,13.401930809020996
0f68180f1be54bcd8fb861f2970ebcfd.jpg,56.48115539550781,13.539800643920898
0f6e8f343131431598b3f3dd85aa3f78.jpg,53.70670700073242,-0.5317211151123047
0f6fc96a9dbb4a3cad31b4de02f6c69b.jpg,44.34861373901367,8.881744384765625
0f985b710d914f6a8ee79f876c92075c.jpg,64.67823028564453,-10.939807891845703
0f9ae4069b1045c99e3ef9d6669d29a7.jpg,59.71052169799805,13.008437156677246
0fb83e4a8758479f87d2e59b14db5fa7.jpg,66.0177230834961,25.17938804626465
0fd9b0624568477d80c5e3ea3cfb7c81.jpg,53.72175598144531,-0.4039878845214844
0ff07427790b4c3eb72ad69586acc55a.jpg,66.51065826416016,23.819557189941406
0ff31ff02f9c489499211477133383fb.jpg,51.36581802368164,-0.5547895431518555
100044a51e8c4a2e9c24d426d0129723.jpg,53.485313415527344,15.963197708129883
1006be21453240a2a60e2243f056fc2a.jpg,44.93058776855469,13.189861297607422
10078b8f4d724def8483dfcd24f2ca54.jpg,53.9200439453125,17.762413024902344
100fb18966e0471383b4bcebe60a4675.jpg,47.88434982299805,-5.123636245727539
10128a081c924521be3c75d6d82b9594.jpg,53.37846755981445,15.220746994018555
10a77d126c53479e8117fde7b7cca9b2.jpg,61.74114990234375,-10.502113342285156
10ac35d5d7824ccbb24d80e8759c4808.jpg,49.20438003540039,8.400301933288574
10bb8b5b99924f139a30778198a63e32.jpg,58.85382080078125,-9.403524398803711
10c6ed5e1d7b442ea4139baf21f98f4e.jpg,56.18864440917969,16.42795753479004
10d5a007f7ab4f7ab8f478f46f67625d.jpg,54.62824249267578,21.843929290771484
10df78ca701f40909b96accdb639335c.jpg,47.964317321777344,9.035579681396484
10e68aafd0104b43ad63616f630b44f5.jpg,53.52311706542969,10.427556991577148
10ec204f15a04a0ba6b61b5ae22eaea7.jpg,48.287841796875,5.953188419342041
116a0ded16464817a6d864b85401519a.jpg,46.352474212646484,13.34840202331543
11932e6f3cae4ac196700d66855c6f4a.jpg,44.613319396972656,8.43773365020752
1199f22696bc4730add048e8f8d17137.jpg,51.74449157714844,11.813756942749023
11a1f6d9d18c4e748c9e88f4208f20f3.jpg,43.62001037597656,8.201932907104492
11b84d06db4a4844a013523f64d089ed.jpg,59.59507751464844,20.969322204589844
11e61e0ba68f4f52a18abf56e5c91670.jpg,43.885826110839844,6.750852108001709
12043e8621b84e94826be6fca8d599c5.jpg,48.54302215576172,-4.708093643188477
1208ef47d28040d995d4201b02340b3f.jpg,56.335208892822266,19.684329986572266
123339235aee408e97a0742ee22847ae.jpg,48.765655517578125,20.83737564086914
1277855e8e7e440fb0526c6d2af4b34b.jpg,59.75749588012695,14.270353317260742
1279b824da6744199d3e1dc54727b2d7.jpg,57.26456832885742,19.01963233947754
128b3ab720794fbf90462a0d3363b6c8.jpg,49.078468322753906,13.106317520141602
129cc40d356c4c3c8b9f8576fc62c21d.jpg,56.15757369995117,14.520705223083496
12c32366f60d4d86b0556f1be69d88b6.jpg,54.927032470703125,5.866383075714111
12fc0cc0a81640a89d93e2c4993fd21c.jpg,53.2593879699707,15.247675895690918
130bae4862f74afdbb3c39cd077a22fb.jpg,62.49626922607422,-9.873435974121094
1358071ca3c24cb1a63386eb9bf2772e.jpg,50.6027946472168,12.552774429321289
1368f427c46b42e397de45f201b0165b.jpg,50.3856201171875,28.405527114868164
1371e01a1b5e4fef991828df2a362435.jpg,48.88605880737305,15.271317481994629
13a0290d603948c1bc9a41ef600c1c28.jpg,43.452999114990234,13.91854476928711
13b68032ce204b9f8bb4bd9e1c83839e.jpg,36.14268493652344,6.363243579864502
13c448bab92848cd8b2635491a2341ef.jpg,41.626522064208984,10.522632598876953
13c716a91036452d959ad9ed5ef2731a.jpg,44.51728057861328,10.049777030944824
13c7eeae250a45a780e1a18c8b621bd9.jpg,59.90751266479492,-6.890727996826172
13d2eaade841401d90917003b81c2c71.jpg,61.57112121582031,-3.9038877487182617
140e91b41eee41a0b6559972f29ef9e7.jpg,58.185890197753906,17.939773559570312
144d426896044996b64f15bfe7a36834.jpg,47.36585235595703,10.546504020690918
147426e5a29e42afac7b62928e2bed77.jpg,53.686038970947266,14.323091506958008
147df93cccd746fca71be4aa254c6cca.jpg,51.3980598449707,1.5442123413085938
148d24ed00224accbdb9a656bc7e6bfb.jpg,62.95969009399414,16.107181549072266
149090a6125944ce8949d55ab7e075db.jpg,56.47506332397461,16.601106643676758
149f4461cb684be6a2adc5e5738a004e.jpg,59.29961395263672,22.36244010925293
14b44051df1540d9b318a188ad0ac0b9.jpg,51.19501495361328,13.411967277526855
14bf29334d1a4a1d88aa7b2538029f15.jpg,52.91086959838867,13.673209190368652
14f6f0ce9a67423192d0a082f881b24e.jpg,54.6118278503418,-0.9641218185424805
14fb1f587dff4ed5a1d23236ff84a58d.jpg,61.9312744140625,20.20128631591797
15110e5dd49444cf913a5be16f99c3b4.jpg,50.15788650512695,11.873618125915527
15241fc1cf6f43cb819703d896e59697.jpg,55.06342697143555,16.32632827758789
152aabb3eacd4ea082796a32de2316d3.jpg,56.70456314086914,10.561695098876953
15c2ca62e3744090b18271ead339b526.jpg,52.67497634887695,13.028190612792969
15c56f93f32041c0a795269ebdd7bf84.jpg,41.93999481201172,13.976910591125488
15c5e12a237b4dfb9780aa32fed3468f.jpg,48.3022575378418,16.197368621826172
15ed2649da5641c78ddba43dbe6da0c3.jpg,59.43061828613281,21.451915740966797
15edcd960517495899c84d3554afe819.jpg,56.74576187133789,19.17551040649414
1608c9a475f947f4b4652cadb1d4a61d.jpg,54.00443649291992,11.16461181640625
1635557a63da4874a1b880d53c922e69.jpg,55.52931213378906,16.34688949584961
165826d9416744d4964dcb86d5be2e28.jpg,45.96986770629883,10.061307907104492
165b816865e64decb9530a012e70a63f.jpg,63.90095138549805,22.831274032592773
167eeb94c73a43879f0a4af0d27d5f7a.jpg,52.865814208984375,11.3266019821167
1680cca0e7f843b9b5441d95bfd6a4f2.jpg,53.908267974853516,1.2619619369506836
16813cc27bc44030a5c71d75589357b8.jpg,60.35283660888672,20.509950637817383
169074876a394108a2b62122bc69b4e9.jpg,60.56173324584961,21.52613067626953
1691a439f98d4558a1ea243050dfca7b.jpg,56.947601318359375,18.13745880126953
169b4b1104d543809c2a3831e08151c4.jpg,51.630985260009766,-2.4714956283569336
16a04019c34743c0a224c23753c25ab1.jpg,45.895362854003906,5.376969337463379
16a2e0df0ca0479db453317e74d6f233.jpg,44.57455062866211,6.195817470550537
16abeecaa3ce45669d81c935eb7fa8ba.jpg,51.77931594848633,12.103660583496094
16af975c70434700829fc68438f6207a.jpg,53.8048210144043,-2.960495948791504
16d3425e60e5494a87cedfbc8eaf5d5b.jpg,51.70988845825195,19.66749382019043
1712cea705a445aa9ed9b5727b2ee1b7.jpg,47.67738723754883,15.562871932983398
171c81cf85e944ceb22943a307532baf.jpg,63.502525329589844,23.203163146972656
17563a4f39a448879a9994de34b5ea35.jpg,60.091651916503906,21.46916389465332
17a806834eb145d79042de66299fbb60.jpg,49.338233947753906,24.529090881347656
181bc529b8044d8c99bcee9433d2a33a.jpg,68.59590148925781,26.874780654907227
182c92e4d9644911ae20f5faa87b5267.jpg,43.53245544433594,6.260985851287842
1880f98d26d04579b1627e80aee42685.jpg,60.90655517578125,-18.19818115234375
18e6e622b9a1431b9f22c8f2c28399cf.jpg,50.39427947998047,10.77182674407959
18fc5e206005438590b1f549e94eaff6.jpg,53.698974609375,13.80523681640625
1948c5eb4e4c402faeb55ec8e5b81eae.jpg,52.858280181884766,15.611272811889648
195287f0a30c4dc1a4d2a6ba4b4c0945.jpg,59.02479934692383,-1.9065093994140625
195ee78eb6f84f4b938a43c9656ff70b.jpg,62.62926483154297,19.7166748046875
1969f062ef0c453c889cb35ee10b2cc2.jpg,48.088043212890625,12.044538497924805
1979ee50f1054b25af055b37a1385173.jpg,65.04190063476562,-12.416004180908203
1982ea930b4848689a0d0edc62b3dd76.jpg,46.49622344970703,22.053668975830078
19bdcdfb777049b0864450d9a538f693.jpg,56.37676239013672,13.717245101928711
19ca34cf574b44ad8395337299cc7c48.jpg,44.15857696533203,9.971882820129395
1a13abd4f49e4ff4b1baf8e0a7960481.jpg,48.62403869628906,21.41861343383789
1a18f2c228cc415da36c2057cf256662.jpg,54.71171569824219,10.501897811889648
1a21b6b140a74ee3a74024f487c8d533.jpg,45.654788970947266,9.640822410583496
1a31ca862d0a46fbaeffbe2cb74f8584.jpg,51.82509231567383,10.460476875305176
1a341d8199d84ab2a92adc3bf892c8e3.jpg,64.0237808227539,-23.1755313873291
1a404caf55074c47b60ce94bd3610d28.jpg,42.8392448425293,2.9046545028686523
1a55091bf3e34fbc88241f9bb6fa2658.jpg,68.85631561279297,26.877429962158203
1a609e320060467b93734f58a89fd623.jpg,45.74777603149414,7.388847827911377
1a6e36118434430fa48f5cc13b168f4d.jpg,54.92458724975586,15.116065979003906
1a9cd4a7c4b34fbba6e1de813fd6eb57.jpg,65.27938842773438,24.518585205078125
1aafe969c7c44d4d96e9ba75590f4078.jpg,50.40855407714844,17.04092025756836
1acc587479fe4743abc6eae02626f7bf.jpg,56.014530181884766,17.798423767089844
1ad27bb0a8394c68b04a4771b9e80f79.jpg,52.131656646728516,13.062623023986816
1b062113ffbc4e05915290446583690f.jpg,52.330204010009766,10.191917419433594
1b0e686017dc45f3ac52fb89d1795ac1.jpg,60.17878723144531,18.734167098999023
1b4a3954142c44e7a54f3331f9341613.jpg,54.292213439941406,11.437285423278809
1b74fe810a564cec98abaf936b80c969.jpg,53.95277404785156,13.11494255065918
1b85f86e791d438392859dcc463105ea.jpg,56.20819854736328,17.177888870239258
1b8d7d96f6284e068278ba9da2eefbe0.jpg,64.10397338867188,-17.827709197998047
1ba485d52c114740aa0dde540355f0b6.jpg,45.876304626464844,4.911661624908447
1bea8d320d6a49089aced153beb6fc34.jpg,52.19436264038086,9.550914764404297
1bec9d25966a4641b29bf3bdfc8c84a5.jpg,51.48904037475586,12.952555656433105
1c4d298f1bdf4634bf6b541e3f4dedfc.jpg,62.80897903442383,22.50145149230957
1c72539987084eba88cc31a487bd676f.jpg,53.67988204956055,14.146956443786621
1c9163526fcb4020b4ed77eb23213ce5.jpg,40.7524299621582,8.349068641662598
1c92281bf5a24fa696241ff691f46f46.jpg,44.93203353881836,9.021028518676758
1cfc9a46e2fb462896f448be632a1867.jpg,59.451202392578125,20.855224609375
1d0b6b6d914e45fd93d53a30e147801c.jpg,57.010414123535156,17.73590850830078
1d3d74a6a00e4a5c9687aff0cca703e3.jpg,52.64772033691406,16.37588882446289
1d85ffcf2ad64761a84f854420f4d5f5.jpg,59.57686996459961,17.95699691772461
1d9c7577ca9a40c6adaada876b87f405.jpg,47.921905517578125,8.42746353149414
1db23f4bbe854e30bf25d7f4cc448f6d.jpg,64.0438461303711,8.099504470825195
1dbaffc85b3347de9c95edf0f4f79b70.jpg,62.667362213134766,22.380447387695312
1de164e9b48745b8875ee5d3bd801521.jpg,45.70172119140625,9.285087585449219
1e00dc35f29446b890f6ee8fef9f454a.jpg,46.57859420776367,8.564780235290527
1e1351ddd7bc4877a5b21ff87dd5f4a8.jpg,65.20571899414062,21.901514053344727
1e54e04ce6a64da6980207baa680bb10.jpg,54.02898025512695,3.7245211601257324
1e5f585799f74b3dba2b078d657f190a.jpg,52.49122619628906,14.179567337036133
1e759c116f8347deb56626d5056683e6.jpg,64.68729400634766,23.333919525146484
1e8f0436d424453285206d10fa06e562.jpg,50.49906921386719,10.240981101989746
1eb5d6a8160945309fbd67ad04324340.jpg,52.12090301513672,8.885668754577637
1ecb431d26e64fcea1d32b36cf4190dc.jpg,47.874549865722656,8.735272407531738
1ed8d5ad949247a3b6f31848b9ef602e.jpg,53.84321975708008,16.063753128051758
1f07a9efc036468cb44c0fd3b6de04f2.jpg,61.50524139404297,-17.183427810668945
1f40726187bb4fd08a188e8838e77bf9.jpg,65.42628479003906,25.049562454223633
1f5465fe05d94351ab774a874bdb5afe.jpg,52.63920211791992,8.518913269042969
1f58a7c9297c4947ab67127fab260469.jpg,45.12635040283203,13.047856330871582
1f7f67019f4b4f02bb7b27b45a474fd4.jpg,46.08669662475586,8.966367721557617
1fab100eeec542179373f478b7b2dfc1.jpg,59.67280578613281,-13.767484664916992
1fb38c2316df47b6aed611e0f466cf07.jpg,46.1803092956543,9.850346565246582
1fb6cc61ab2f4c6880200ebd57006ff4.jpg,45.71427917480469,16.976119995117188
1fd264ca899b400b99e415251de59659.jpg,53.58094787597656,14.015617370605469
1fe6b79e9ecd4f64b39d69bb9d623709.jpg,61.51759719848633,21.60025405883789
1ff211ad04c840b582b5578db344fbf6.jpg,56.402748107910156,23.35198974609375
1ff5004cdc554dfe8635996b26d2eff2.jpg,46.669376373291016,9.283468246459961
200c7552e67f4081af821c1c08a639af.jpg,60.55022430419922,20.079648971557617
2031664e5a0d4a0591b488e9e64a428c.jpg,50.464088439941406,15.773984909057617
2046d411d9054de4af7f0516af79b997.jpg,71.60707092285156,29.863367080688477
20975fed3fc64509b24df68793f40584.jpg,53.4612922668457,7.156859874725342
209e70604a054868ac4d54455667ca42.jpg,42.21568298339844,11.849434852600098
20b86e4f67684aff895ac8ae9dbdc859.jpg,57.961151123046875,27.27886962890625
20c9c6746a4d4248936160fdc36fb82a.jpg,57.218685150146484,5.924962043762207
20efc761f67944219c409d3f5124cfd0.jpg,52.272422790527344,3.814695358276367
20fc818a0e1149c3adcfcbd6ccbf54b3.jpg,60.779029846191406,2.361083984375
2124adb04b7448c392e93752c4bfc99e.jpg,58.55206298828125,18.83324432373047
2136e9ccfa444b59b44acd55029f61a8.jpg,45.12590026855469,13.39352798461914
21575b672d2c408989bedceae438abc1.jpg,65.99787902832031,24.64080047607422
2157f5bd14f0457db7319f1d76e3cef1.jpg,52.01152801513672,15.118067741394043
2163ea4e689e485b871fbf54df0bc127.jpg,50.91261291503906,11.09296703338623
216ce346206b4079aa3af60941481ed3.jpg,58.17299270629883,13.915377616882324
2177e88db6c24098891696ece8ae4421.jpg,43.394737243652344,5.321027755737305
21803127a81f4dd699de2d921b46378f.jpg,71.03813171386719,-22.852643966674805
2195f4bb458542d9b3d12b44ac201b88.jpg,53.26985549926758,11.941421508789062
219e8d5f9e0747748c990d4d981af890.jpg,53.551692962646484,16.11239242553711
21a03d010dd34cc69a2ea4297a2e2822.jpg,55.26701736450195,17.34858512878418
21a4eab84dc844b4961d9e09d9736be6.jpg,49.16602325439453,12.872215270996094
21bbb80e61de4bb092f66b97dead378f.jpg,56.729129791259766,15.888221740722656
21e85764c320456e8033e432e7e31ff2.jpg,68.26760864257812,-9.10080337524414
22167e719f1a4e25aebbdbb5feb7d7d8.jpg,46.260765075683594,6.994710445404053
22175f77b7144a1ca5bb369c8ab3e6d0.jpg,49.996395111083984,11.0859375
22235e7903814fba802fc995d45372e8.jpg,53.00663375854492,13.489152908325195
225604804e6641859beb4dcdab31ff95.jpg,63.01062774658203,21.255382537841797
225809c23a1845498f522b7a5a75b6ce.jpg,51.40504837036133,13.932111740112305
22a7d90cc717411391ed71e638058066.jpg,56.79401779174805,17.706401824951172
22ab90f3bee2441a929353d1c60019ee.jpg,67.63665771484375,22.041709899902344
22ea87bb8fd24a64b8404a20a7ed26a7.jpg,63.75092697143555,-14.523597717285156
2315d5aa814e45af930a0e36abec4bd1.jpg,65.41343688964844,25.668439865112305
232dcd5884b74377a2aa429d8dcc3852.jpg,59.216209411621094,-24.48228645324707
2337c1ef65c641cba0902cd4ef184f6e.jpg,71.48661804199219,-27.41632652282715
2339f229320a46a28a3f0515bcef9284.jpg,61.971343994140625,23.5126895904541
235ac03ebc6f43059330b3c62eb92d20.jpg,51.97456359863281,15.110039710998535
239edf25f2c34439bc3a64e9ea281288.jpg,57.42167663574219,3.131288528442383
23e7ae8664cc4b7f927a7db74d035603.jpg,41.71426010131836,10.692169189453125
23f1312477ba45908c0f6c15039ee76e.jpg,52.85304641723633,14.26903247833252
244bd3d57f074aff93bf88d1c84b3992.jpg,64.74150085449219,24.54962921142578
2452198c81a442119140d88016211665.jpg,56.88996124267578,11.78625774383545
248916781df64d53955ad438bd22acf8.jpg,59.53055953979492,3.4655795097351074
24c0a6492736429db00c6306c26d1a72.jpg,56.9202995300293,3.665510654449463
24d3dd841cd249dfb5c985f59f1f5889.jpg,62.76318359375,22.299217224121094
24e1409b8e0446618f0aaaa4eba0f227.jpg,50.4424934387207,10.595599174499512
24e54094be6f4b3f90c463ad53660465.jpg,51.986324310302734,3.831115245819092
24efc35f4d5e4552b3af7a874b47113c.jpg,51.99428176879883,13.713340759277344
251188d6e0a64d28ad706404835579a9.jpg,53.99312973022461,14.807428359985352
253b4b3bf2fd4298a8e7b131c4887251.jpg,46.42170333862305,5.516183376312256
2587c6b1e2c14f8fa8b5f994c67f2064.jpg,58.005531311035156,16.729976654052734
2595e955c6674c3f98c9cfd4d9919779.jpg,53.67848587036133,13.017936706542969
25a09d3b58a849ab9c334ddc6a64e0b5.jpg,51.66162109375,27.716821670532227
25cc16e6d44e4155bd193a0883170475.jpg,52.342288970947266,12.506160736083984
25d315a1d11049aa9afc05fdd3290580.jpg,54.83064651489258,15.281993865966797
25d8d31c3ebc489aa4145a310aff785a.jpg,64.89722442626953,-7.3300018310546875
260d7251c9a54f8b8745b77b44860fd4.jpg,59.68281936645508,-28.529504776000977
263737123f8144f494f958454e143064.jpg,45.94209289550781,6.553560256958008
2638a8f83aec4678a89e6e47d6e16b3a.jpg,40.89958953857422,11.943862915039062
267f8c94f7914761a5e931db24b26026.jpg,61.08567810058594,28.57487678527832
269ccca0c08f4073b7526cd91f6a9e05.jpg,61.630455017089844,20.794715881347656
26adb07275554b6ea77239d6ec36c5b4.jpg,49.80180358886719,10.333002090454102
2729ed269788452296694468ccd76b6e.jpg,50.56706237792969,25.43182945251465
27443e65a26c4b4ba463dffcdc579f13.jpg,66.26545715332031,-21.233983993530273
277525123d754e12a64e328ee554900b.jpg,56.0177116394043,-22.46711540222168
27810c5f649d4df5adfc36dc79bfcaf4.jpg,55.28424835205078,11.425002098083496
27a45ace757d43b88641440b5961124c.jpg,60.623207092285156,19.855998992919922
27e0a0d63a654e1eaac9013b8b60794e.jpg,58.86207580566406,19.92491912841797
27e6f19057bc4ed3b4ff71ceabef428c.jpg,46.73623275756836,17.880950927734375
2850248701ba430a8542681715b124be.jpg,47.800350189208984,12.958221435546875
285f6de0549f45a8a1f05769c60cb15f.jpg,50.66218566894531,-0.7717952728271484
286d7fc6d97a45d6b72bb622a3e15a65.jpg,54.44796371459961,14.489307403564453
2877198eaf03445d98ca77857ceaad52.jpg,51.05412673950195,14.010866165161133
2880bebe082a446f9cdd06949c8f3a33.jpg,63.81737518310547,24.38076400756836
2885547bfc074bfabdaed95faceae9ca.jpg,59.44012451171875,19.170007705688477
289d64476976478887ef660363f8b7ac.jpg,43.277610778808594,13.83510684967041
28a03acd8e994a3c9710189b61b002bd.jpg,56.700199127197266,12.836705207824707
28b0552babce4f89b32fa4ea61c1a73b.jpg,59.68037033081055,17.847206115722656
28fb1c07040a44e1bebf48ceead873f5.jpg,56.19032669067383,2.408867835998535
290aecfd1d2c476b9ee1eda10e081cd3.jpg,47.70122146606445,3.0730247497558594
290d1e1218434019b0031f72e2b65f6f.jpg,51.4219856262207,8.875316619873047
29146aa4d1e34b42ac5ab1128cbf6c31.jpg,46.03388595581055,11.472545623779297
292084a2b08b47a2835e9ebb74d0bb63.jpg,49.99460983276367,6.77458381652832
2932311f72ab4bb285b7557a8677c378.jpg,49.20186233520508,10.196036338806152
29441a6e04484772bcb1ce875a87814e.jpg,50.344669342041016,20.35858154296875
2987ec28f24c4b75999f030df6a95230.jpg,45.064979553222656,18.03729248046875
2990d67b71414121bd54e8ef4e8fe8a7.jpg,45.69634246826172,16.652416229248047
29ba09ef3f0842f7924ba952fa364d54.jpg,63.62371826171875,24.210643768310547
29c21ac0e4e84fedbd6956b251efde88.jpg,54.517730712890625,18.06377410888672
2a043b64799449d7a0845ccca0e1a24d.jpg,62.16151809692383,18.928455352783203
2a068fcd54e4479ebbe25d6e81613e17.jpg,54.51469802856445,15.59939956665039
2a324af22f80415bbf0ed3ca20a7e965.jpg,41.96721649169922,14.386061668395996
2a32fbb0666c426fa9818aac2b918c87.jpg,53.114925384521484,6.975072383880615
2a3fc9652f5044179b4f11220f6c36e2.jpg,54.84169387817383,14.793377876281738
2a6fdf4e2e3344b88056bfc26e547688.jpg,55.37556457519531,19.918426513671875
2a871c5d0b944d918be271d610e01771.jpg,49.7247428894043,11.163325309753418
2aa0af9c9dec462bb76e055ddd24420d.jpg,46.654998779296875,12.518315315246582
2aae8df62ff24bdb986c8e038e952cdf.jpg,57.81271743774414,16.53807830810547
2ab586b193ea47eebeb61c5f56739c43.jpg,45.832916259765625,9.127046585083008
2acaf7cb8f8c4964bd71eb29ce910945.jpg,48.953975677490234,14.88031005859375
2ad3437cacbc4533b1feaa7cca32261f.jpg,58.14934539794922,11.876216888427734
2ae787f1ad9a43b38c7146adbaed4a50.jpg,48.17145919799805,18.8841552734375
2aec592e61d7461d929c34c5c998b5cd.jpg,57.910545349121094,11.443363189697266
2afca8fd8e4f420eaea3b5c2fedf228f.jpg,62.006343841552734,21.173099517822266
2afccf833ab6433085b5dc6fcf71c56a.jpg,70.19010925292969,27.082618713378906
2afd5355afe54f8fbede6e5ee12a8318.jpg,52.625301361083984,12.520371437072754
2b2fbf2844c2479bace76066f08b95da.jpg,37.56743621826172,7.2805047035217285
2b317e45851d4934a8e58bdbac306669.jpg,63.120933532714844,22.0498104095459
2b87816b3ae14a068a7ec972748a5d32.jpg,51.78855895996094,27.358726501464844
2ba3357dd4b04099a5c487a7b5bc1662.jpg,63.31410598754883,21.840970993041992
2bd4a7a82e544ef1aa4fc87fa2208b65.jpg,55.06764602661133,16.965042114257812
2bee819086c04c35ad18c0e229999df4.jpg,43.795997619628906,13.650487899780273
2c2a9d20711d4d738e088a41d811d5a7.jpg,45.0225944519043,10.987092971801758
2c791b35a4cd43529030ef0896e28193.jpg,54.0058708190918,14.251300811767578
2c884c54af0d41aca461be23a9d6e52d.jpg,44.4594612121582,22.647354125976562
2c978d1496484cd69a196de561a24f21.jpg,49.345947265625,5.006300926208496
2c9bfa39243d4546aa31d1b1953e1ecf.jpg,56.294673919677734,13.057132720947266
2cb208994887494ebf6e144a5e60db25.jpg,48.49247360229492,17.842025756835938
2cd0f7eadf9443ee94f852445b99a835.jpg,53.26254653930664,13.649794578552246
2d0af4ede54b47909d733b96d89096ad.jpg,44.70124435424805,9.440289497375488
2d1ce3ba851a467cb37ce87096ea1b4a.jpg,44.067256927490234,10.343684196472168
2d2af55948f14810bed114b93c786518.jpg,58.85858917236328,18.98680877685547
2d6998aa48304015a4e337141c612a98.jpg,58.58391571044922,16.555118560791016
2da122541f9e48d3b7aea66bb4292547.jpg,61.96284484863281,25.725370407104492
2de3dae1776e4cbea09980a6fecff4c0.jpg,47.125328063964844,9.568033218383789
2e0c5d49699449a8bff7ed25538d4554.jpg,65.13941955566406,-1.8875541687011719
2e26914866984a418552c1ea97193c3e.jpg,53.97649002075195,26.832271575927734
2e3f9e65107740af9d2a48a75caa849c.jpg,52.16260528564453,5.715975761413574
2e5524544dcc450ba2cb31d5f0843331.jpg,51.91680145263672,11.371437072753906
2e63f03aab474b7b838b29dcbbf6a988.jpg,54.85224533081055,10.883597373962402
2e92725d03b04a7487463d66be564ebd.jpg,43.065372467041016,13.675856590270996
2e96d96f6eeb4181a196aa3d4f6ddbe3.jpg,60.48082733154297,20.094802856445312
2ea07edf3f0b42e6bc0119658283b282.jpg,52.2595100402832,6.473443508148193
2eaf19d5265844b39dda10e55ace92ee.jpg,53.80568313598633,15.77372932434082
2eb8ac2b37c044c6a90c2f71a9060a7f.jpg,47.88903045654297,4.566263675689697
2ed23ed25d534a6897548d6a61a1b2fa.jpg,45.425445556640625,20.338214874267578
2ed6d27e96a647ccb8945009c38d3f11.jpg,50.42284393310547,14.712776184082031
2edb22c2ddbc41b683aa4df5c34f99ea.jpg,57.99545669555664,19.989166259765625
2ee32346f0a941a8ac8a42556854e0ec.jpg,49.2769889831543,10.530332565307617
2f01da10e77241528f9a05bdc8de30d2.jpg,64.66228485107422,-23.220407485961914
2f1589ce03cc437ea048b11c54f26873.jpg,58.73261260986328,-0.13898468017578125
2f1c3e30e4dc40a4b03589d8598f045c.jpg,47.765018463134766,8.5559720993042
2f1cb50928ee455c8a1fb8a105bc33f2.jpg,54.2003059387207,17.364154815673828
2f22b4f1aa474a949063e7dff7eba58a.jpg,58.58620834350586,20.605024337768555
2f25f61a67234596a70590c3986df132.jpg,53.32699966430664,13.329532623291016
2f267692df1e4234bc025e8b3bd386d8.jpg,58.618038177490234,21.061687469482422
2f504fa7705141e5a4b86550fca0f698.jpg,51.33479309082031,10.043667793273926
2f5963c4f42348eaa10e22f5d066e18b.jpg,59.466461181640625,20.983413696289062
2f8431a1c1754faeae8e7b606aa90c78.jpg,52.14003372192383,12.91986083984375
2f84da2f2d114f6989b34e5d08a6c865.jpg,53.32992172241211,6.059595584869385
2f9ac6cb2655463c868d2ffd838cbb4a.jpg,52.39423751831055,14.858955383300781
2fa37abd7f1945cdb48a2810af7b0730.jpg,58.83859634399414,4.600756645202637
2fb1ab821d5c481bbfc7217ab1f8eb13.jpg,57.40754318237305,12.998839378356934
2fb6521a5e534e47add6001d55da7b95.jpg,60.77603530883789,13.617015838623047
2fd97725470646bbbdc936455393d932.jpg,53.24034118652344,9.554279327392578
300dc4fced8743d290342cfc562775ec.jpg,64.2513656616211,21.696033477783203
30591fe5c77b4389961129e98210bb67.jpg,59.2434196472168,-5.90672492980957
30928a2cdf52404dbc2674ec315157e2.jpg,59.20684814453125,17.236881256103516
30ab3ceb2f7644adb34f0dcda60dd1ff.jpg,46.883056640625,12.753568649291992
3102b815995b4facaf370e4eae07f616.jpg,39.28370666503906,11.466140747070312
3104ab976f4a4786a003b45f6e9eb12e.jpg,65.70451354980469,22.74856185913086
310a5cfde2284a03850c4935f4e010b6.jpg,68.40424346923828,27.866872787475586
310d86947b89459c854b167d62ce3e22.jpg,56.00209045410156,21.48526382446289
3118bbf1bf984c1fb9fb9cca9a848ecd.jpg,50.759246826171875,16.103269577026367
311954f2bac04b8589460f0459dda087.jpg,59.427677154541016,-9.390562057495117
313995e480f244898485f1d59bd29d19.jpg,45.1263313293457,9.33122444152832
314ebb1ff381440c82b14513e627f958.jpg,49.89665603637695,9.742594718933105
315c807d0d8d440f9eea57b15718acbe.jpg,58.78402328491211,19.444656372070312
3171c782ced9444f8f8f0cad6bd7b9a4.jpg,64.14571380615234,21.167034149169922
31784d8ea5594e2dbe3850436592cf83.jpg,56.45449447631836,11.798466682434082
31b36e32073745b2a981cc377db2659a.jpg,53.13950729370117,18.973480224609375
31e371aed9094747803cebbcdcb3445d.jpg,50.76312255859375,11.567471504211426
321a4c216c8a494c85b9a913354411b6.jpg,40.527915954589844,8.21006965637207
321ed577a5384306b87098bca7f8c845.jpg,51.78009796142578,14.35715103149414
325c794e45444fa49e2115ab5fe646fb.jpg,56.703399658203125,17.223934173583984
32746db235a2458f9c5a42c21dcd1d9f.jpg,51.96644973754883,-6.969694137573242
32797526f2fc48dbbd3ed9b9c18f93f6.jpg,58.2747802734375,-6.200029373168945
3284376fb1c745ae85b9110d950acdae.jpg,46.09197998046875,9.076247215270996
32851bcf40b040e190b38b48a2d5705b.jpg,53.47537612915039,19.490280151367188
328b1c6a3f9f4a1c8dd26545153c463c.jpg,44.0908088684082,11.583528518676758
32979b4ca4e045cba4a8c55e1450eb10.jpg,58.19551086425781,17.994003295898438
32a313b0091e4e28845867e44a4f1b32.jpg,52.70420837402344,11.834342002868652
32af51dd8a77414d8666d4fccffc9c6f.jpg,52.53816223144531,12.493851661682129
32ec658113f241c793044e472309a2b4.jpg,56.22738265991211,15.515573501586914
334e7143f4fe4da7a9d3fe5d108878f9.jpg,48.28868865966797,7.416297912597656
3381a580701d46e481d83e27eaadb2a8.jpg,45.118316650390625,8.785989761352539
3388d95b00e44efabe38003dad60adea.jpg,47.006629943847656,8.372369766235352
33c55c29ac3642c19e3d13af6fb28fe6.jpg,46.84735107421875,9.098406791687012
33cb74b2224a4f21b0670d5532a9a3e9.jpg,50.43523025512695,14.788970947265625
33d4f66a98214555a32e66ae00a5341d.jpg,50.83994674682617,21.97899055480957
33df7c1f2f014136945177006411f04c.jpg,51.55583953857422,9.708795547485352
33e611d75f7644c5a5622c8a44979069.jpg,51.07247543334961,16.671695709228516
33e913dffc1d4b8fa2a6e0711865557a.jpg,50.37019348144531,14.151058197021484
34035fc75493492c9ea315c50647e3cd.jpg,43.390316009521484,11.135798454284668
34134d9c97d840d2829b1ed9fca95cdc.jpg,46.23130416870117,7.429168701171875
346225243de14ff983bf40e296cc58ef.jpg,49.570777893066406,4.2426581382751465
34964527ec694e08af0273f700fcd44d.jpg,44.25194549560547,8.065600395202637
34a5e2c0c8b34f8ca0370733a0ad0a07.jpg,55.53272247314453,17.236547470092773
34aecc44290d46e093b464a783f271dd.jpg,42.474937438964844,5.920845031738281
34c545d46b024fbba2f986cabbaad607.jpg,49.49779510498047,6.083009719848633
34cc142ba1f64e16b8bc61ffb848f967.jpg,39.552955627441406,2.942549705505371
34dc59a0007f4e3c96f350512df5c04b.jpg,57.97301483154297,25.48554229736328
34fc3e3c8a3448bb861514538bbc348e.jpg,55.65633010864258,0.039058685302734375
352a454677984ecdadd48c76284b583f.jpg,58.36595916748047,20.44219398498535
354e7739832945aa8ecfaaa98c20cd99.jpg,50.77819061279297,12.890707015991211
3550241b32cf4ddfad9a9d6384fe5db2.jpg,54.19812774658203,10.056844711303711
355e1e1c141d477d93b9d1d5b606f802.jpg,55.88249206542969,15.949930191040039
3575a113bc4540af80316b78d237975e.jpg,49.70313262939453,2.9984216690063477
3578f4b6f25c4fa3bf993e70fed63809.jpg,48.4549446105957,11.060020446777344
3594026be20046ffaa9c763ed9445e67.jpg,58.53976821899414,23.356037139892578
35cc967d772f432994f31bbd7bf490bb.jpg,51.114898681640625,1.6113920211791992
35f311bb1af04cd09310fb41e1a7dfd6.jpg,60.06362533569336,16.038986206054688
36063aa6cb1f41a8bc28b79ab3f8ef2a.jpg,51.037353515625,5.1259894371032715
365a0fc10f054134adab2a036490c1cf.jpg,63.4106330871582,-10.587539672851562
365f4dc6d3dc47768679dd50293ff870.jpg,64.19904327392578,20.62912940979004
36879b954ed444968162268ad64ae009.jpg,59.91737365722656,21.91195297241211
368c6a8855a343a99c433ce261c78df6.jpg,54.73598861694336,15.26315689086914
36a8b9dd5a4242d3b00e4da275027c81.jpg,57.25698471069336,18.986019134521484
36bb109a1044404a9d7f40c7ec97e59f.jpg,51.9514274597168,10.026762008666992
36bfee1df800428a8f62f3d527f44fc1.jpg,63.756507873535156,-0.8540840148925781
36cc955aca494856bec40326e43f533d.jpg,48.793121337890625,5.844635963439941
36d28a7718714d7f8f78bf4c0cbf5b58.jpg,52.14898681640625,13.527968406677246
36e695345ea04536b11c2d6409cfebd1.jpg,51.28059005737305,7.515496730804443
36f013b2c32f4474a340d03a73af2c82.jpg,59.299522399902344,19.67828369140625
36f1af6d0ff74d6885f109e3ca3651df.jpg,44.623722076416016,8.830814361572266
371c7db991e749b2928ffc699ea6c551.jpg,52.663658142089844,12.274420738220215
37448e42dc1d46d3ae102ca61af2896e.jpg,58.58038330078125,-5.661344528198242
37660ce4511b4602a0bec2bcaddcb32b.jpg,53.472068786621094,9.932201385498047
37aa25c0753149dbaa1e0b161f54af5f.jpg,56.09780502319336,22.02764129638672
37be27bfae9b42f9aa21d2db49ff7cf1.jpg,61.38795852661133,-14.527196884155273
37edc91a53324aefb5382f2e6eef2d0e.jpg,43.35364532470703,7.8698601722717285
38004884446a4cea8d6c0b273c598ed5.jpg,48.86899948120117,8.067432403564453
381e9e459d4e4083ad19fe34af681c18.jpg,48.01960754394531,21.133270263671875
38674c660eff4d3699b87f44fa9cc638.jpg,47.74794006347656,7.450017929077148
38872ba0ee4b4e2e8be4c991fd2967a3.jpg,60.52874755859375,19.736003875732422
38be4db78813410e9a24b977768bd86c.jpg,50.28759765625,12.568329811096191
38ced0809cbf4880b616006d7dcdce3c.jpg,37.899295806884766,7.759742736816406
38d5f01e0d0547a78112f4948659d460.jpg,66.85726928710938,26.8126277923584
392a81de193747c59bdee8185ec6f386.jpg,55.263206481933594,16.02452278137207
392f07a1dc954bccb4ef009b0c8676ac.jpg,51.6048583984375,13.176559448242188
393e5259ecb3436c8d9c7e350b54a914.jpg,52.276039123535156,13.049722671508789
394f5f3609fe4f369943d221c00aa7ba.jpg,62.060707092285156,23.591197967529297
3961b2b157d24665aae22d3862b8fa44.jpg,54.46574783325195,17.96885871887207
396b7a2c276f486f9102adb9c23ef5c6.jpg,51.255638122558594,17.284080505371094
3973c1c83b8a4a1fa026dc5600f3a6af.jpg,43.962303161621094,6.110856533050537
39801628670b4e8b84a0a02d387e09c0.jpg,55.76838302612305,6.672501564025879
3994e905b8c648f0ba30273a46525083.jpg,56.39778137207031,12.271576881408691
39991856e47142969b9b6210b239cef3.jpg,53.05651092529297,12.45796012878418
39a60a6fcaa54f9aa86cfb0012c27789.jpg,58.164119720458984,-17.095779418945312
39b1ea2b4e2e4e94a47d66017ccc9760.jpg,52.60947799682617,17.588069915771484
39b3e32ba5ff4e86abaa7afe6cd203df.jpg,50.49115753173828,4.686465263366699
3a1d52256ef64f2d97632bed7459117f.jpg,52.240474700927734,18.763282775878906
3a28ebbd9af24b09b1224aace7a03f4c.jpg,53.486000061035156,15.904424667358398
3a2dbc40a4d0445c95edcfaaf1d68c25.jpg,52.729801177978516,9.341176986694336
3a3c74c0f6744b43ae243ba46bfd81b7.jpg,54.658355712890625,-12.168529510498047
3a486e1f2a93468da40ce760d897b105.jpg,44.015228271484375,8.322728157043457
3a5676708f004eaca7a0f90aff810d6e.jpg,51.56521987915039,6.906222343444824
3a6b6d61e31948cc9d95cfa1128afb35.jpg,41.989017486572266,5.2778801918029785
3a7a398fb3074d72974703ce3365122c.jpg,43.954017639160156,16.907062530517578
3aead48f4bb948faa62afeaf24b575a4.jpg,51.36105728149414,8.957666397094727
3aed715b6fb0434ea64a13a52303a79e.jpg,53.12261199951172,13.82607364654541
3af25a54421741b6a523aff5ee6d5f86.jpg,51.85523986816406,18.102434158325195
3b10666bc23c4b2193b7aba423a3a868.jpg,63.225059509277344,21.82382583618164
3b10a76a78ff432caee6781dd83c4d30.jpg,62.48872756958008,22.948768615722656
3b21fad186c84a6282b4c2075060717b.jpg,56.734554290771484,21.56854248046875
3b29b9e6bfcd4c7695d4ef5dca96e98e.jpg,50.12934112548828,1.5398101806640625
3b4493b553f148ff9ef2c374a43b15dc.jpg,57.85578536987305,8.512718200683594
3b8df2e9f89044feb21b97a1312fdb3e.jpg,49.916053771972656,2.973865509033203
3bab5ebf68eb4bcaa227eaffd40b27ff.jpg,50.72956848144531,7.746824264526367
3bb406e1d11a41f390e770a63b67a442.jpg,59.03961944580078,19.099597930908203
3bbc281c4b3d469e88f51e1163df99d2.jpg,46.009883880615234,8.80919075012207
3be155bf0af947ed99799c8c1c9e1ab1.jpg,61.857154846191406,24.770309448242188
3beec5eb5c9547689cf27ac8ccc70aa0.jpg,63.681297302246094,17.750625610351562
3c34487e59ff4d89a2158fefd90d5b9a.jpg,55.68966293334961,-3.513758659362793
3c36ae9d4cd84d48ba5bc91f31bc6933.jpg,51.870361328125,9.966994285583496
3c5ce502c6554075863ec063607f7962.jpg,62.02549362182617,22.581283569335938
3c5de253445949689fb98ab68cfc9b23.jpg,54.35934066772461,13.464930534362793
3c6b9b7c0b394a66921a66da900208c7.jpg,56.023780822753906,19.090314865112305
3c73bcc51d0e4e19a8b3d3c8a80adece.jpg,53.72096633911133,17.14862060546875
3c9e78462eda4e9a96327ba6d1ac0ba8.jpg,51.29317855834961,17.575937271118164
3cee0248dbea47c58b07866dafc82540.jpg,60.9010009765625,16.770038604736328
3cef19e51af84816b7a825f537b9811d.jpg,46.883358001708984,6.784634113311768
3cfa30ca513a4816a6f2c1cb22d3786b.jpg,50.88347625732422,12.77679443359375
3d0f39d0912241c6a512d943cc51b21a.jpg,38.29065704345703,11.794660568237305
3d213e7d0c6d4791a5e9dab7deb50827.jpg,41.40836715698242,4.189050197601318
3d895af1abb44c86963fbdfd33386ea0.jpg,57.81143569946289,10.944311141967773
3dadb8e23651404ba0a171f482e300d8.jpg,51.80150604248047,5.875341415405273
3dcdab8ca3a642bea13f6b727798b917.jpg,54.93906784057617,15.935908317565918
3e00030c1e514a659269e0ff71ece70c.jpg,42.53929901123047,3.9625673294067383
3e39905f9ff4466f94b0598088763514.jpg,45.40060043334961,10.2764253616333
3e6b00e17b704b03b248b88dbc702032.jpg,51.13363265991211,11.800191879272461
3e88d9be936c4c36ae429ed5687d5041.jpg,53.89028549194336,16.019603729248047
3e8d7a50e5bb4a6bbc123687909e2199.jpg,48.771324157714844,5.547526836395264
3ebeb485c82f40e2a30ddd2b10e92d57.jpg,52.77750015258789,12.32473087310791
3ee1f8f7ca5d4ae5be6e355db16dad7c.jpg,56.416664123535156,31.885799407958984
3ee7d22323ba48398a564d34c070beba.jpg,61.831295013427734,19.63361358642578
3eff62513ef14e7e8d5c9ff721582bd6.jpg,61.578311920166016,23.334243774414062
3f04f3acdb2c44609021b32b5ea41052.jpg,42.105533599853516,4.794834136962891
3f26d176b1a04cf9937b233a81b21290.jpg,53.89292526245117,6.9945173263549805
3f385e329e3943ffaa364a904406f3f6.jpg,48.73949432373047,11.997756958007812
3f3c50372781473a993be27b7e843c53.jpg,51.79119110107422,6.5907511711120605
3f4e06bfa7364cc0b239db7eb6e0b1ec.jpg,46.78816604614258,11.226805686950684
3f55b9b51b7141f584254180fba6719b.jpg,55.7788200378418,21.43911361694336
3f8592d88d8040ba8d01a36dfc22a00b.jpg,48.20478057861328,17.676433563232422
3fa97c24904c432e854237553ab14c85.jpg,45.646087646484375,15.028834342956543
3feafde4a3394553b48a30dfd1f273ad.jpg,62.185569763183594,25.480676651000977
3ff03d0f5fee48108e07ecd3a9fcb4ec.jpg,39.85873794555664,6.7779998779296875
400c1300f38d47a1b2a45ea55e336124.jpg,47.53849792480469,8.53259563446045
40430f5445084c0d8d9a19991738eaa3.jpg,54.28054428100586,15.644926071166992
40734bf1db144e118df8906f348a366f.jpg,52.05906677246094,9.238414764404297
40875e6e08444091a670d925a4563b7f.jpg,55.29896926879883,12.31147289276123
40bf40bbd33c46ea81d45b7cb8d4160f.jpg,64.86824798583984,22.368656158447266
40bfb7970065497dbe1a26aaffb90614.jpg,51.486785888671875,8.600279808044434
40d010d74c504885bba8fd2b86383f18.jpg,54.020694732666016,15.09117603302002
40d2298544fb4b788ede355edc2f2d7a.jpg,51.214237213134766,13.235219955444336
40e4fdf99b7846d09244ec6063428fec.jpg,60.30084228515625,21.489341735839844
4101849c560b4ea6a2f96f5997d71fc2.jpg,43.741966247558594,13.051407814025879
41315894e72e484d951302780e14e6b8.jpg,45.736351013183594,15.589783668518066
41663fabdf9d4162bd87691d41ce99b1.jpg,58.35712814331055,19.28240966796875
418c43ff09c64d648cd7bc7dde5372ac.jpg,53.95260238647461,12.008095741271973
424d4bf3f0c04971a89a1b101d8abd89.jpg,47.16648864746094,2.6841201782226562
42647b66082d4c0ba4174b4b24f7244b.jpg,52.137054443359375,10.50505256652832
4264b35af42b47b6bb344f3a235d0b14.jpg,63.127586364746094,22.819660186767578
426807823b2c4a56a3ce4adbfc74c5c5.jpg,58.46699523925781,17.03814125061035
426ce003f51d41d5b696ad5d441d0157.jpg,48.63658905029297,11.449511528015137
428b6b9d05144a58b0f7e94739ccf22c.jpg,52.48512268066406,11.578015327453613
4299c0bd3def41e1b1c43eae53ce5bff.jpg,58.38976287841797,15.824169158935547
42cabb73913346aca3ae612cf38eb389.jpg,52.18921661376953,-6.365327835083008
42d41309baac414b92ec95bf42742b45.jpg,49.63829040527344,27.40903663635254
42e73fad090f45f5bc768bec775f6b0c.jpg,49.429412841796875,11.52260684967041
42f0fa948f3d4df786bc3a87e16dc6c8.jpg,50.534156799316406,14.299460411071777
42f1686e306a4cd799f08da48ea0365e.jpg,58.37612533569336,9.478765487670898
43133178965d47adab0fd7ba59522142.jpg,43.80973434448242,8.152364730834961
431e6fbd2fe0432286a748c4a9ee62d2.jpg,52.89451599121094,15.384353637695312
434f3f7fb89e479a8c8c5d40139fcac6.jpg,55.386234283447266,17.48670196533203
435d96de5ea84adb90f89fcdd275327c.jpg,45.38684844970703,13.278215408325195
43687fb7c3054296aa32f07532887e7a.jpg,52.76012420654297,10.519933700561523
438307a4048745c4a91e2f8dc0fbd131.jpg,55.22539520263672,15.23475456237793
4392284d20824975bd07bb802f1df2f3.jpg,41.88433074951172,7.650142669677734
4398aeb5544148bca8c7b7c3d27e08db.jpg,57.01563262939453,19.96526336669922
43fe1a796fc545f4bb50e9a064a0018c.jpg,51.09481430053711,24.472030639648438
4428f961b3d54cc1a9d4188b8d987b05.jpg,53.8054313659668,14.094330787658691
4474aa4589364236ab81462c8bd5ca6a.jpg,52.99181365966797,14.033310890197754
447624250bd84af9899c45a6d323babc.jpg,56.41485595703125,22.854389190673828
449824ff732b47b1883c839b4d2584e3.jpg,56.920310974121094,17.165077209472656
44e1e6a9b8bd4ee18220a5860786086c.jpg,61.608642578125,19.295181274414062
459052cfe54d427ba3398a9f06513a53.jpg,56.03322982788086,11.279523849487305
45dcb8df7aeb4f7d9ee274c91fb938f6.jpg,68.26333618164062,26.145206451416016
45de9fbb3d2a4c99a09324075cab043c.jpg,49.4222412109375,12.612086296081543
45e4ca62f1a34f49a92d1f3f5be7c36f.jpg,45.46467971801758,2.5057153701782227
461adcdfdcf444559b88e9aca1e67489.jpg,52.07613754272461,11.006089210510254
461e9acbe3e34e0cafbe745494144c0f.jpg,56.55012893676758,12.733932495117188
4637984a47704eb98abd05b7ba55084c.jpg,60.89308166503906,-13.225179672241211
4641ea4452b34f63be7ca02114342186.jpg,41.35954284667969,6.6114277839660645
464dab35abc64272b788ce814c186c92.jpg,63.7429313659668,23.963146209716797
466380f0cbf5429f9f101c338628b8b4.jpg,54.489463806152344,13.781699180603027
46717acde5ab4fb0921643e05840671b.jpg,61.43229675292969,21.60237693786621
467ad64ffdb64feeaa18ce21afaab8a9.jpg,49.45426940917969,7.790563583374023
46a40e9f91174e6190ff3a9de63f8117.jpg,57.23657989501953,17.534685134887695
46b696a343dd456aa0b267ff3be68bac.jpg,55.17911148071289,12.461421012878418
46b772e0752a4693b0a33ad6755d476b.jpg,49.909706115722656,10.413031578063965
46df2e1763604900961ff92e5ff7be39.jpg,46.561336517333984,7.9408369064331055
46e223b5e5c64a5e804be402d3ef36ec.jpg,66.06192016601562,-16.566999435424805
46e2ebfb48cc4e1294ceefe601d5c900.jpg,44.513519287109375,5.649704933166504
46efc9eb07d940bfae75edfa3cd88d07.jpg,52.28128433227539,14.809964179992676
46fab40df4444c72b89fa9864411f949.jpg,46.251609802246094,7.704689025878906
470f46b43f894386b19de60a88fcc2aa.jpg,50.71508026123047,-3.8786306381225586
4719ff19efe44cfca2711f156319efb9.jpg,51.234230041503906,11.765604972839355
471b6b5a9d284a61b22a5274c0f9b8ac.jpg,46.89012908935547,10.503472328186035
471eef23b8c94ac990250515a4a95093.jpg,49.75334548950195,8.42617416381836
4741da1944c846aab6419a35ee57e1aa.jpg,62.19687271118164,17.00838279724121
47828953bbd142c7ac8d00b0707a7312.jpg,50.37551498413086,12.005077362060547
4785a464d1c34a92b6fc4cd65b24411d.jpg,55.2347297668457,0.36576366424560547
47934186e459450b880e11160e8ae18b.jpg,53.11347579956055,13.741816520690918
47a0590f61b940c2b01b6ab670c6119b.jpg,50.6437873840332,15.172829627990723
47a54a3c7fae4aaaa609c790c9f0d3a2.jpg,56.85637664794922,16.78667449951172
47c8fabd5b6f4a14a17b7bf6bed5aea7.jpg,52.59672164916992,14.46845531463623
47e86b0904494b8bb5a383e940d823dc.jpg,51.2813720703125,12.425558090209961
47ec3501c3624669bb9805edf194ce9f.jpg,53.42643737792969,9.977557182312012
480749c6aa2b467b877b181e28c57ee3.jpg,49.85472106933594,9.810370445251465
482ba6a89d184d60bc992b558bda29a8.jpg,52.49277877807617,12.270833015441895
4838fba30f1f413897f3e4b7399c1c04.jpg,51.7700309753418,11.747690200805664
483efaedac404ead9394edddfbe621c6.jpg,44.849830627441406,10.758504867553711
48b50c4cb44d437486d65fbaab13bf76.jpg,65.65168762207031,25.333389282226562
48cc426c9ec5492a88a9e4e1469fc999.jpg,48.99901580810547,4.1784138679504395
48d4e60fc51e4956b0a6580f173567aa.jpg,46.30305480957031,8.513631820678711
48d7648d07d04bb1872e373930069f8f.jpg,50.96987533569336,6.494288921356201
48e72dbc1f6d4b00b7a8eee27b3d87cc.jpg,64.07227325439453,-15.216558456420898
49038d155d124c22b4eec5bfe8ec4270.jpg,48.72203063964844,10.440796852111816
490f0e205c6344c5a53aed56e1885f67.jpg,45.859371185302734,7.178139686584473
49204960fb0948a9a6d06609a3e5d9b5.jpg,56.10279083251953,5.690728664398193
493880a90d5048f5ab15a4e152bca08a.jpg,50.59314727783203,14.699334144592285
494d0f4a7cc242cb8ebb5b61284e5bde.jpg,52.92329406738281,10.60807991027832
494d8785a59749efa38732af2a5165a8.jpg,48.36652374267578,7.53813362121582
49571bd8f3554fe0aa0ce66f824c67c0.jpg,51.31494140625,12.2344970703125
495f9e7dcac54734b6cb1a0e4acd7866.jpg,43.72728729248047,6.471399784088135
496a1ee345b44614b336a3433a9840ab.jpg,49.300933837890625,25.190399169921875
49c92e107bab45a68d1de881aac45559.jpg,55.380828857421875,8.585675239562988
49ed97d7c57c485e9a515a4e19f95207.jpg,46.7758903503418,12.179802894592285
4a0698f479bd42c3b5a6fda3eee168fb.jpg,57.03622817993164,0.3849039077758789
4a12e8f011ff4251bec9ab0e8dca37b1.jpg,57.60588836669922,17.774370193481445
4a2ca3c02f614d86bf938cf40ec46190.jpg,51.92618942260742,14.937919616699219
4a597546eff94bf19fd83cbb38bd48f4.jpg,49.137386322021484,18.415874481201172
4a63c0a7d63348428c544bd319517686.jpg,53.04105758666992,13.422231674194336
4a7cefe87c8b47d1b8d6ea9c4b327d6c.jpg,49.382057189941406,12.224748611450195
4a9fcd8d707242d0b493a73462cdd331.jpg,44.76762771606445,17.041120529174805
4ac4907e44a3464c81ecb050eb193844.jpg,55.257930755615234,15.88099479675293
4af199ef0e234b088276783b7be07f2c.jpg,57.25048828125,-6.507844924926758
4afe1c8b99a24e96b041e6860a97c729.jpg,52.852230072021484,8.66395378112793
4b040d12e13d4c45a5707ba6d47f4285.jpg,58.560237884521484,21.447162628173828
4b251a782f594155af32db2b5b59b3da.jpg,47.98453903198242,8.401403427124023
4b365300602e4198aad80eccea256ea8.jpg,55.84157180786133,18.921951293945312
4b401b51c7784c80843aa8f6207728ef.jpg,38.495601654052734,5.213326930999756
4b446c83a662444c81fda141695258e0.jpg,56.58116912841797,16.366363525390625
4b46134366884118b98a9c9080388c88.jpg,59.37363052368164,20.118032455444336
4b547f4591bd49e99cffe70ffb8ba4f1.jpg,63.21906280517578,24.236915588378906
4b6af62dcc704972ad376f867aa37979.jpg,52.18278884887695,14.823257446289062
4b8b0014f6354264ab32540a10c3d8e3.jpg,53.00893783569336,10.664735794067383
4bcaf4b3f8b64d6695f0cec37ace7bf8.jpg,47.509033203125,10.837679862976074
4bd03c53cfc44fa4998329530f3108c2.jpg,54.90547180175781,12.77840518951416
4c05685f454f486bb8169de5ae685652.jpg,50.700382232666016,12.182601928710938
4c06f705a17c4f20acf01e5a31779388.jpg,41.8628044128418,10.592402458190918
4c18fbbbe31f46c68ea573ca6cebb240.jpg,65.38093566894531,25.132343292236328
4c1ffccf4c0245438cac1346e051e9a3.jpg,51.92070770263672,11.745413780212402
4c55ff2937e64d8c9fa665e4c7768c83.jpg,49.80842590332031,15.406656265258789
4c6b5d445c2742149cc4f18e96e076db.jpg,55.14092254638672,13.750556945800781
4c737bc1bb524231a7a1c0ddea86b379.jpg,49.94089126586914,17.951778411865234
4c91c2f656b44fe986234efca92ef3af.jpg,51.55686569213867,11.546278953552246
4cbc74ca253a41099bc3c71e77aa4c33.jpg,56.20979690551758,17.031829833984375
4cbe4982014c464ca09a61f6965803f0.jpg,57.291385650634766,14.246070861816406
4ce91b93e6704d00a2a91377b56f8d7d.jpg,52.002479553222656,6.7221598625183105
4cebd278f470458ca0405fb6eb9078ad.jpg,53.43009567260742,11.167702674865723
4cf8866dcdcb4eb5afcfa8df1e561a0b.jpg,50.820777893066406,8.423416137695312
4cfc269120f74466a3104dadc3674ade.jpg,57.625404357910156,18.911861419677734
4d01ed0a72ce437abf35e6b38acd2eb2.jpg,49.828121185302734,11.80794620513916
4d18d1ab43b749489155baa290d78318.jpg,54.01312255859375,16.576412200927734
4d21bb8e42e74b0792be0c63a1337e2c.jpg,58.573490142822266,23.630447387695312
4d3656c4db384d04a6d5d10fd984af34.jpg,56.09469223022461,16.963592529296875
4d3e57d34421418c97dcf4c9306b00ae.jpg,53.84605407714844,18.20061492919922
4d4a388a711d42b29254d8bb9de44619.jpg,65.21641540527344,27.14495849609375
4d55a913a2944764b1ddc54915bdc6ee.jpg,52.91352462768555,18.661714553833008
4d7d0d740b2c41a39b9323d77622a1de.jpg,53.482444763183594,10.878376007080078
4d8d1539b58a4ad2bf34fc4542143559.jpg,57.098052978515625,17.499618530273438
4d973e49af3642278db9d9f5461c853f.jpg,49.19126510620117,9.440890312194824
4d993eece8e74f3bb3d444371f233f7b.jpg,53.89940643310547,14.518464088439941
4e163aa3949b4c119dae3839bf8b262a.jpg,49.96501541137695,0.22551631927490234
4e23ea02049d4e7abba50f6df36b8e00.jpg,46.24485778808594,19.648258209228516
4e59f30092e5473aab391ecbc4b864bf.jpg,54.59360885620117,19.02871322631836
4e5b8e276ddb4c3e9771bdb5ec45ec3d.jpg,45.9265022277832,17.06549072265625
4e79734c7d7b4f8fad01169e51f975ac.jpg,49.18732833862305,10.691840171813965
4e7b2009801641b5b4d461b566ec8c2c.jpg,48.9617805480957,11.565536499023438
4e7c64cc750942c09190f11aadc7f38e.jpg,53.63758087158203,17.23272132873535
4e9acefbb4a1438d9d6befbdb02558cb.jpg,51.15163803100586,12.050400733947754
4eace20174464bec8776706fa10f694d.jpg,57.17847442626953,15.424324989318848
4ec5977602574c3486d96c2dbe4ecd8c.jpg,63.669742584228516,23.452632904052734
4efbdb5dfa3f4faca312dc14377ad428.jpg,51.71620559692383,16.638381958007812
4f4b1488a514490f9bb4fde0dd41a569.jpg,46.58892822265625,9.280014038085938
4f55ceb1e04c432aa9dbcbcb78a403dd.jpg,53.22101593017578,23.934776306152344
4f925cc05fd044418d2c3760e04ad34f.jpg,52.70694351196289,-3.5829591751098633
4f9d7ecae1004e178a363ff7cf148329.jpg,56.5299072265625,10.165308952331543
4fade7bad7ad495dae2c415b9fc38b2b.jpg,65.5777587890625,23.14173126220703
4ffc082107ff48eebae657fe2a57f50e.jpg,50.441165924072266,15.679525375366211
4ffef0d9a0f748e4b2bfec82a7462941.jpg,49.181434631347656,15.300884246826172
50241e6ff5f2494499c9c28273297523.jpg,54.81662368774414,14.692290306091309
5029620cbe424a0e88c51f263fa97641.jpg,48.30513000488281,6.638261318206787
503c630a9f5d45d786288e53aa47fbaf.jpg,40.077537536621094,12.57285213470459
504c01fbd7f948bab5d036754be081ca.jpg,66.40399169921875,23.73836898803711
504f6815183240e3ad017fe00c6f29cc.jpg,55.966285705566406,-2.8679447174072266
5094ca9feb70448ebe7df5dbd662b0be.jpg,46.240413665771484,12.099732398986816
50992286a9cf42d280ba3332f4c093ac.jpg,45.025230407714844,7.813173294067383
50a162a4beee467e89639ea08fed64a2.jpg,50.80994415283203,11.183171272277832
50b3839e172749ee88a791027ba8f520.jpg,53.528953552246094,0.7328929901123047
50ca36cc74db48af974567c4835784d2.jpg,52.656192779541016,15.777871131896973
50d2cfe5179448ecbd601e3f7acea50f.jpg,54.55058288574219,14.303475379943848
50e6065331ad4dde83bd7b1c354a9e9e.jpg,49.0748291015625,8.379501342773438
510133b836944f829e57b184cea115cf.jpg,52.425750732421875,17.15371322631836
5124fddabc2d4731bd68a5aafc5b0ef7.jpg,51.73051452636719,10.277329444885254
512793eea9344579b442fbb5a821bdae.jpg,61.60496520996094,4.277926921844482
512f9f14668d4260b650bd87b710d413.jpg,50.96666717529297,10.779561042785645
515cc657eb2b493abce630125c32f149.jpg,50.772884368896484,19.54191017150879
51791d443f3443ec82562488cffb207b.jpg,52.17584228515625,13.644264221191406
51969c8fda3a4dfcaf8383444db364ba.jpg,66.08018493652344,25.303333282470703
51c4a5842d084831a6c9a34b8ba8cda4.jpg,43.232051849365234,6.483359336853027
51caabf347744f5e85dd064e6f396bec.jpg,54.22539520263672,4.859980583190918
51d32f2c273d46db9389b388f2d3e2fa.jpg,60.65251922607422,-8.59211540222168
51f7ec390bde43f59796f6fa039102c1.jpg,53.04648971557617,15.859922409057617
51fe37bb132545b5bccbd4fc60ea2ef3.jpg,54.51752471923828,15.166353225708008
51ff73ca1a1c423f97299899ea8ce848.jpg,40.62138366699219,6.766907215118408
522c4f5f6eec4e56b1c68e18bd6adeb2.jpg,51.161563873291016,3.5586323738098145
523be50dae824254b39b7048252d56bd.jpg,52.68171691894531,19.457653045654297
52432de5025e45389300a4c0c5b138dc.jpg,56.38892364501953,17.643579483032227
524ef20afd9e41298e540bf8b155edca.jpg,48.35452651977539,9.60498332977295
5290900dd6514bb78e6bffd53b69c72b.jpg,56.03276443481445,7.790382385253906
52b6bfdef2e0423ea7722ed5796ea1bf.jpg,51.835243225097656,13.71616268157959
52cc25d4436d49c3b8f4c3de293fba6f.jpg,46.42099380493164,-0.733525276184082
52d03a067ba8442d9cb4e4ac294234b2.jpg,64.07383728027344,23.586017608642578
52d59491884846c3986cb387732c38df.jpg,56.61518859863281,15.955556869506836
52e821a14e9549cfa4c34fdebed19753.jpg,57.2974853515625,16.180622100830078
52fee049639146acb99daa70c7464af8.jpg,61.0776252746582,23.333694458007812
53277bf946354df59738b99a7cde3ea6.jpg,56.5330810546875,20.494647979736328
53423efa9b5f44f09d8e179c92584f3f.jpg,39.63368225097656,10.701639175415039
536c56934367455193aff3fc88bb7d98.jpg,49.67613220214844,21.592533111572266
5389c14346cd4a43b8b7d54abe4e0d23.jpg,52.32927703857422,12.67356014251709
53b2e1598f9643fab259313192155544.jpg,52.049495697021484,-1.7629289627075195
53ef513c3f3c4d94a71b55d9a40f1afc.jpg,46.1107177734375,18.658370971679688
53fea3efce53420ba05f9dbd24c68183.jpg,46.02724838256836,15.616703033447266
5400824d6a7a42f2942cb464134856a4.jpg,51.931087493896484,6.553401947021484
540e939b33074ab0955e8118909e7617.jpg,57.32253646850586,21.27330780029297
541bed262cfd460aa38c8054c4a5b479.jpg,45.67313003540039,7.032745838165283
542c34ab6ede42c8892df429d9d9b718.jpg,43.99826431274414,16.84572410583496
543b212e8cbd40fd9fd78fd5896bbc5c.jpg,54.503013610839844,15.453756332397461
544c56c84d764004bba389586c926afd.jpg,44.67635726928711,9.998905181884766
545539d570f24516a88fc6ca80bb2fb6.jpg,55.09048843383789,16.239931106567383
5470e186bd2b48238de1ce85e67a6b5c.jpg,52.60221862792969,1.2375545501708984
5474bcf406d74205a9dfe3b671745aac.jpg,48.8658447265625,9.027715682983398
54805a669e5d4e5bbd6f172aa49db9d6.jpg,49.61091613769531,18.50815200805664
549aa2de2ce845c0ae008ca26e33f306.jpg,55.53647232055664,12.500174522399902
549c88b6a1a140fb92260a09d87b6c73.jpg,50.525882720947266,28.08477210998535
54a469bf6eff4d0988640ecabc664af9.jpg,62.99545669555664,19.08871078491211
54c2da7a1d8b415f979e0c2485bb34d4.jpg,61.51028823852539,19.325260162353516
54c85c20a49d464c85de9b6d5c3e3781.jpg,58.687313079833984,20.619178771972656
54dc38e977414ba6a9bf537c9b482025.jpg,56.36903381347656,19.183605194091797
550ba3daafa544a4ae18dc77b4a1634e.jpg,51.978302001953125,12.177983283996582
550c39e0db6542c08f6147ff8074fc1d.jpg,67.33370208740234,24.072574615478516
5512db21f1014bcabb4213788ddf7439.jpg,51.08190155029297,13.236259460449219
5524ed281e58448ea145289bc0b5fd92.jpg,66.49127197265625,26.978435516357422
553541dba38042098a824e9189bad4bb.jpg,50.480655670166016,4.994823932647705
553a3af4973145b88d57cf21aa54b27a.jpg,52.19302749633789,15.756355285644531
554c45972eb94f7289cd6841403dc5bf.jpg,69.98282623291016,24.406139373779297
55516d362cba4e4784b2c8db7428eed8.jpg,57.858787536621094,17.161840438842773
5597e178d2c7411aa44c2e6ef3af3eee.jpg,63.503536224365234,21.70722198486328
55a653ec50be4a209c1cce38e463f3ac.jpg,60.46139144897461,-17.869062423706055
55ad0e0cab7542e88a370e2ec1e14379.jpg,65.70506286621094,-14.298398971557617
55b24a68c5f14c559ffeb5c218ae7499.jpg,52.54439926147461,13.384347915649414
55c1ca2f4db649b693000c26706327b5.jpg,52.54179000854492,12.184247016906738
55e59a78082d4275b03c8414f11d9b8c.jpg,49.14507293701172,5.599777698516846
55ed8c4566d843c4b7d5933757fefaaf.jpg,61.65299606323242,22.047916412353516
5601fe8177884ec1a666864437421f1b.jpg,53.9351692199707,13.91849422454834
5607fc79dbe24f2aba2009ee568ee8e1.jpg,55.728885650634766,17.591510772705078
5651fc5024124c88ab9694fa5f04f77c.jpg,45.13539505004883,8.29737663269043
567db9038cef4adf99fbc6f356c7c3c2.jpg,42.53013229370117,6.743973255157471
56fbed0a45d64adbb869ddbf35d4acdf.jpg,56.74953842163086,19.91162109375
570146a5f1bd4627a6bee5f1fd601bf7.jpg,53.469268798828125,10.286735534667969
570cc468093248bd9cc5e5d121427315.jpg,50.78251266479492,9.304627418518066
57782fcecef3496395f6602592dc0721.jpg,43.76372528076172,14.237677574157715
5786dc3669e34bbd8843f04bb61bcbbd.jpg,60.70539093017578,20.818340301513672
57933ad7c23b48f7bbd073a1d0745433.jpg,46.2650260925293,15.362001419067383
57937042c1624cb9931b9a4e7f66e02f.jpg,67.40731811523438,29.024246215820312
57ee5e757108428f9e339bb10f351f41.jpg,63.153900146484375,24.86302947998047
583af2a4bd6f4b80bf3ab24790a5cc7c.jpg,63.45247268676758,21.63872528076172
5841297a69ca49319d5be116cba1f455.jpg,61.063514709472656,21.22364044189453
5869b14499484b3eb139696543c3472e.jpg,53.762001037597656,17.889354705810547
5879b473866040f89405bfcab395d7b8.jpg,57.9853630065918,15.78774642944336
587cd5f2988d48aa80d326a2f44bda90.jpg,47.62911605834961,19.69628143310547
58c1b4bb7c514d3ab978fcb94b5d23f7.jpg,43.49078369140625,10.413301467895508
58d03dc33c5c41b3b1a0c1924271d2ff.jpg,55.839569091796875,18.772869110107422
58f1dffab7d4428ba1ffb185369053f0.jpg,55.99337387084961,15.465803146362305
58f6edf518fd400f845cbf6d6ebb961c.jpg,50.719051361083984,12.38550090789795
58ff506a69c34179a4b467f6250e05f2.jpg,57.369686126708984,12.52514934539795
59251dc2118e413384bd2ecd1fc5263d.jpg,51.86944580078125,9.773510932922363
592655ba8cd14d3e91ef9afbe3141b27.jpg,59.858821868896484,20.370155334472656
59281770e1714ef8b8207de19ccb31f6.jpg,55.73516845703125,-9.142271041870117
593b944432964c6a9a5f5113e8521f9f.jpg,63.30744171142578,24.5180606842041
59617ef57ede46198264d463b0414f37.jpg,45.614013671875,13.403329849243164
59691997fc1b478cab87ba4d1ce495c7.jpg,42.37495422363281,8.845212936401367
5983ad82e2c04208ba8ccb04d5e4ca98.jpg,56.38591384887695,15.508960723876953
598fc55574794f3ebf97d29153920e77.jpg,50.324825286865234,12.32994270324707
59aaf1d8606348219b554f679701150e.jpg,53.001365661621094,3.217378616333008
59c685817e7c4260892088e3397d1b8a.jpg,48.2188720703125,19.86306381225586
59ed42226f1543c19bda3b63e680f573.jpg,56.95940399169922,12.498342514038086
5a2b944edba94412b523bd2d44584441.jpg,47.49811935424805,16.64925765991211
5a399b7a42c045e59ff88ca427f48f5d.jpg,55.38846969604492,-9.887704849243164
5a5b8ae7775844aa916be59df59668f7.jpg,61.216796875,21.91014862060547
5ab4b133c1284d02a5483a189bf61492.jpg,55.525604248046875,1.9221916198730469
5abcf7178ee54c6d917c861ad938d47c.jpg,56.549156188964844,12.213617324829102
5ac7ccb471204e2d973d2e15a10fc7d6.jpg,66.25707244873047,25.472118377685547
5ae1567fc5814ee19eb0c5bf2c8d9e79.jpg,51.18210220336914,5.236091613769531
5afcd70f5dd4454ba0ecd21aeb1ea182.jpg,66.03437805175781,-16.529876708984375
5b3a807128b94a768fbeeee908dd43ba.jpg,55.782100677490234,-25.423192977905273
5b3de96759064dea9db87f3bf9859933.jpg,48.678958892822266,8.615108489990234
5b459c12ef9a4126b086334f9adc9bd0.jpg,68.14817810058594,-21.382707595825195
5b532f1cf4e243a096d22ca0c2949a23.jpg,60.228538513183594,20.40283203125
5b77844c60634f6f83a0f1f0dfc3c749.jpg,69.38938903808594,26.377681732177734
5b996cc47f184967b3f24f9f3d76ec69.jpg,53.99363708496094,3.603518486022949
5bd1c49055cd4cc3929200c0060ba160.jpg,60.86412811279297,25.19003677368164
5bf0bd90e0ec49ac88984987da438988.jpg,60.875701904296875,22.624326705932617
5c0eef96153140a5883c287fe38c81b0.jpg,55.851314544677734,-10.652322769165039
5c185a3a02484c609c5d946b2fff9a40.jpg,49.20456314086914,11.547454833984375
5c1c561425f346c2bf356a1479798edb.jpg,50.774200439453125,10.14851188659668
5c1cd8e6c27148d790372d45d4f082a4.jpg,60.626197814941406,22.40070343017578
5c4a49febd35421e8ecafbe257a7633b.jpg,51.272029876708984,14.73088264465332
5c5a8e498f3047dd90a52ff2ebf5368a.jpg,64.2547836303711,23.411510467529297
5c6204fb55d448f785f5a9ce9e322a9d.jpg,50.53811264038086,13.279030799865723
5c652bba5f7744da912b8ea5f106b30b.jpg,58.98829650878906,20.891347885131836
5c7fd2f1a96c4a94afa17bab55c6a54c.jpg,52.41506576538086,12.571786880493164
5c8a817578c3496abb065b055a1690ae.jpg,62.83881378173828,-11.92990493774414
5c99c69e99e745bbb0067e7d28b0a0d8.jpg,61.43513870239258,20.655569076538086
5cae7961c78b4411ae735f501c260489.jpg,46.74904251098633,7.247759819030762
5ccf2dbd89a244bcb1d7709a22bdef21.jpg,45.7445182800293,15.412364959716797
5cd41cf107b94f01b42a9a194fc6f708.jpg,49.205848693847656,9.767060279846191
5cf72f6baf3745499a9faf25f56235d2.jpg,52.730743408203125,11.49632453918457
5d3c4a6b7d414b728dfcffc2f68063d5.jpg,57.606109619140625,8.131365776062012
5d437ad7957145528dd225ae326d200e.jpg,53.95644760131836,12.645676612854004
5d63acb2e042462d98d2077ae7c46cc9.jpg,48.08454132080078,11.164094924926758
5d6faf6ac981422c84e31dd537e048b1.jpg,70.6270523071289,28.331193923950195
5d8e77fbb8f9461b88fd6a348ea4c8fc.jpg,62.83306884765625,23.35160255432129
5d912c29bdf94dd7b0f15c73218f420a.jpg,49.176002502441406,25.39658546447754
5db9f57af13845108ec0519e290b7d09.jpg,55.54108428955078,-19.655067443847656
5e04b0bab97f4cbf9f110214b4505bc5.jpg,54.253902435302734,11.320734024047852
5e098be15129418497172751dc4ecff2.jpg,68.43599700927734,27.368824005126953
5e0b17158ac04abe90edaa115f3dc177.jpg,43.118656158447266,10.98147201538086
5e0db34f39f54470b1cde874a4ee39e2.jpg,57.4937858581543,14.532453536987305
5e5c78ddd4b64e50b8f5d184ada9c4aa.jpg,47.74613952636719,5.626462459564209
5e8f54354250406688bf9abc2cbf6d9b.jpg,58.536781311035156,16.098186492919922
5e97d6f02ec6435182365c9ed9d82f30.jpg,55.98075485229492,16.706268310546875
5ec9b994eac9424da8ef2de6642ad640.jpg,61.42229461669922,20.70858383178711
5eca51248eee414a9ad696f783b9718b.jpg,46.47650146484375,9.615931510925293
5ee71bdeed15441aa69681f73c7a222d.jpg,44.77873992919922,10.038813591003418
5ef830ede5824d4dbf59485d35894905.jpg,49.33884048461914,13.937891006469727
5f0b17bca7f94fc5a3656283f2fb2ccb.jpg,52.130348205566406,12.304404258728027
5f2bba338ad14ff7b291bf4e5e75e7a9.jpg,54.62810134887695,13.120424270629883
5f4eabe85e594428a299e688f2c96b40.jpg,65.92634582519531,22.386226654052734
5f82513b3ca040d9aabf694ca994f8af.jpg,52.78804016113281,0.20605850219726562
5f89299769a744a695de9a1820f7cf32.jpg,55.49712371826172,16.051359176635742
5f8a7ca6e75f45d3803cf66b2546dcc4.jpg,67.7633285522461,-21.07383918762207
5fde482e6f2e4f40878096aabc9f0ce0.jpg,51.11387634277344,10.823725700378418
5fe4db47381845828cd8d93154960b27.jpg,54.1487922668457,9.411715507507324
60a56b756e2f48058d138c202a6f2c0a.jpg,59.38386154174805,21.152254104614258
60b499e254644de38ffddb3d3b01950d.jpg,52.9644889831543,13.407612800598145
60d715afd390476ea3be3094a8ca6286.jpg,57.00913619995117,20.14322280883789
61040e27eac14e2cba485576eff510b2.jpg,64.4938735961914,-20.24765968322754
6104eab43fa84243bc973f6263b763bb.jpg,51.15959167480469,12.353433609008789
6126c06620ab4ac1b23f9aa5075915ac.jpg,51.31637191772461,11.527006149291992
612a6b0af5fe40a1bb5f88b0d9cf37cf.jpg,69.43828582763672,22.077518463134766
61788c1e89ad4316877bac90c7a7f96d.jpg,55.32518005371094,13.143302917480469
61aa8bd90f4c47789d83c53b7fe7fb4b.jpg,40.822696685791016,15.100010871887207
61ad1e84db20495ead908091793484de.jpg,63.1823844909668,24.64578628540039
61cf6a76e9e84062aaec25c3be2daf95.jpg,52.90095901489258,13.165183067321777
61dac8b8f87e422c84071248fb32729a.jpg,54.09498596191406,14.536019325256348
61e559ad41bf419d858c780b693c2ede.jpg,43.4886474609375,9.685562133789062
61e74d6313434921a7d1577d6319c7ec.jpg,51.128631591796875,11.97438907623291
61fed3f0d27048d883ced7036ff6a261.jpg,43.73720932006836,11.993633270263672
6219fb5f02034810aea7f46125c0cc4c.jpg,49.73164367675781,7.102932453155518
6235c1774eb644a3ba7f024e525fb91e.jpg,53.785423278808594,13.389152526855469
6242c3fb041d4486affb641b691dede1.jpg,56.18210983276367,1.1048192977905273
6256efd0043744f7a5c6649b61a9283d.jpg,38.39263153076172,8.975404739379883
627d3803769440fdafe2d78813f4d593.jpg,41.307289123535156,5.0352020263671875
6298f094484144f8a0278ab0fb9467ab.jpg,58.820011138916016,19.405925750732422
629e43a1d394424db35dcf5be35d5921.jpg,57.36614990234375,17.22003173828125
62bb3811269144caa0de47cc9e247080.jpg,50.15707778930664,13.934887886047363
62bcbf4e160a42c098dee758a22f2aaf.jpg,48.372554779052734,23.77585220336914
62cd2d15a90a4f2bb7fc336c4bb5e8bd.jpg,49.98017120361328,7.130722999572754
62ecac8cd10e41949ea9be8307df6f4d.jpg,64.14466094970703,26.824058532714844
62ee6a59befa482c8022076ed7a8c7ba.jpg,53.153804779052734,13.064762115478516
63041dab3e954dad808fee2ef6b1ef2e.jpg,58.39274215698242,19.039810180664062
6306fee499a2496aa5af729a0613ea7b.jpg,47.23642349243164,10.97079086303711
630eee9593ff42f5be685f22af31a562.jpg,44.76276779174805,10.815320014953613
6316aca1d55443569132be6a53486f93.jpg,53.98849868774414,19.947219848632812
63532e3ca995405aaa6b2b85cc1c368a.jpg,48.554473876953125,5.731412887573242
635c541e642e4d7e99e7e7fd61fdaa82.jpg,50.676361083984375,4.329501628875732
63602f7b572a4358a6a193f645c6aea1.jpg,66.83851623535156,25.841075897216797
636382e3cbaf4690999f53cfd35b9e0a.jpg,51.76509475708008,10.05993938446045
638343d1ef2d41998dc8d40e154580f0.jpg,59.5898323059082,16.457372665405273
63b9e87e9e8e4c06826992354a400230.jpg,63.52587127685547,23.553916931152344
6415159af5794137a57d406589349ad0.jpg,39.770137786865234,15.974403381347656
6417cc3a1c6a4eeda3f0f859cdba6744.jpg,47.79768371582031,12.700782775878906
641d2cd7038849d691c10d5757763022.jpg,57.11405563354492,16.45633888244629
643192570b874c2791a890bf5e1dbdc3.jpg,42.75020980834961,12.388592720031738
646df76e5b1040d18273ccf0c7837e5b.jpg,52.95600891113281,13.209338188171387
6471d52022534090beca2e410228090c.jpg,50.39571762084961,7.2071146965026855
64875030116c4f178618e0b95331231c.jpg,57.983848571777344,17.386329650878906
64a830d00b834c358c39d797a42b9cc0.jpg,58.71292495727539,-9.379432678222656
64b4b344b6b045ed8767c3f92caaa24d.jpg,49.49827194213867,16.650041580200195
64cf31d354fc4457983e8c0d7896e303.jpg,47.80780029296875,14.707178115844727
64d89346dd32410da712c2d85bf6e887.jpg,53.15982437133789,13.401468276977539
64dbc8636c48461db26c4f2b67e4ef49.jpg,56.806129455566406,12.9985990524292
654faa7fb18a4a00922218a5b8289d2b.jpg,49.65007019042969,16.55486488342285
6572657348b348b1a300a25f20d50902.jpg,60.887996673583984,18.898340225219727
657f5ac59625427789ee26aaf581909a.jpg,50.715572357177734,18.378416061401367
65a64b967cd74d499dcb53974d6fc77f.jpg,61.432952880859375,20.096881866455078
65c8fa9a2ced4e329f9486383c2a86cf.jpg,66.98173522949219,26.903654098510742
65d48eaf871140ae9c39d63b8327ff74.jpg,44.06050109863281,19.141958236694336
65d80046b65e4ac98858c72ed3f77479.jpg,54.41779327392578,-2.1885786056518555
65d82688e857454f96f9d88074e31dd1.jpg,56.70634460449219,20.402568817138672
65e96c0cbe734ce1ab15c99892092f3f.jpg,51.92728042602539,12.749284744262695
660df4b5278b4a18818ae1c0cd68d7d7.jpg,51.48594284057617,12.007560729980469
6664428b579b4e138a426913aaea5f87.jpg,45.204166412353516,13.922643661499023
66653dedbf174c87a54dae0e4358aae9.jpg,53.815155029296875,20.052715301513672
66664f41335b47ec84e18b35a1695391.jpg,68.12096405029297,25.64114761352539
666d081a8eb34e2bb03e1fe16ebac63c.jpg,54.449031829833984,12.649958610534668
6679c29ae74445a4914bcfd18d4bd8b0.jpg,50.03594970703125,7.7361345291137695
6685cc7906ce42a88f107642cce24eab.jpg,53.84027862548828,22.194194793701172
66884511bf84415685de4e57207c0178.jpg,36.68842697143555,10.744611740112305
668de59980634775855ee11caa73dacd.jpg,42.96283721923828,10.854264259338379
66b2290cc51342989ad88a6452a3417f.jpg,51.24158477783203,6.526877403259277
6713bb5b8745488b9ff070bda1d75057.jpg,45.51634216308594,3.5573248863220215
6750676b251b4f109b7677544129eece.jpg,58.64903259277344,-3.9300575256347656
6754257a1848401bbb6444e4985159a6.jpg,53.184207916259766,6.289668560028076
6761499ea1944520a7c5f23330d0a54d.jpg,57.018341064453125,20.74335479736328
67a10abaa1c84e67b13838f880e45a6e.jpg,61.20261764526367,-17.135263442993164
67b7621787f943218fa2caba9c7f9c9f.jpg,64.55119323730469,24.968219757080078
67cd243230cd491ebbe32f94b71d1c8c.jpg,58.28609085083008,18.343582153320312
67dae8e3c22347f0b055bac8ae74afbd.jpg,55.61115646362305,15.789161682128906
67e47ea1bfeb4e908cb128b5a1810ead.jpg,53.41354751586914,14.00989055633545
67f73c14b4e74403afd02abea1ad17df.jpg,50.8626594543457,9.909225463867188
680c3892ffd54439bb5ea7830ac7df5a.jpg,49.36117172241211,16.15021514892578
684e6e2550944ca1b87b11aa16c75071.jpg,51.84583282470703,11.65009593963623
6851aec5939f4be595b870b8447c69c8.jpg,53.48009490966797,11.80102252960205
686997c7aa9b4c74b0443e37303026f5.jpg,52.52094650268555,13.98216724395752
688d51368fed4069be95c1ce45dd8415.jpg,52.214046478271484,10.772759437561035
689a32c4694d41c6b3241586db89e1cf.jpg,50.816795349121094,13.310640335083008
689c2a02a9ca43fc8f5b4093876f3c6b.jpg,47.08824920654297,9.864568710327148
68a060b2f31e4c9dbb9138970f06d817.jpg,45.98686981201172,10.830259323120117
68a2191053d94b2f9a65534268983f2e.jpg,56.90178680419922,16.005224227905273
68cd344665ca401f9a9c4cd2359cf006.jpg,59.186302185058594,17.176240921020508
68cdd05e4a6e4a0082d94a36d1f11767.jpg,50.000057220458984,8.45380687713623
68db5eb2e46641a3a0257c6cb1f90f1f.jpg,72.75296020507812,27.133712768554688
68e7803432174318bef6fe7f23e1b5c9.jpg,51.537208557128906,12.141077995300293
6901200a89994849a488e00764471c63.jpg,51.93736267089844,12.409252166748047
6915660b46f94ce5a04e9ce93d34f604.jpg,49.60978317260742,9.518284797668457
691dbda585ba44b8bd4a7d23a7cb47de.jpg,63.57938003540039,-15.103975296020508
6934c4589390470d89ca501c6e8b3ba8.jpg,45.31291198730469,9.232404708862305
694ab39dc75d4da7a50d7abea5e1c421.jpg,62.57158279418945,21.67882537841797
6960e43295f844768ba1ec6a7f505372.jpg,51.71305465698242,12.710464477539062
696200b8e9ae4ee5964a0d1d48a05794.jpg,46.28981018066406,8.6638822555542
69787ee85a754aa4a3529fb4d7508b70.jpg,57.28921890258789,17.702402114868164
69c4328f7c00403a82f67c2c4983dd1c.jpg,50.18218994140625,12.699637413024902
69fb156b725949cfb54515d1d174a371.jpg,45.49842071533203,8.691511154174805
69fe782bff7649188477b0ccd110180e.jpg,53.75067901611328,13.853084564208984
6a0efdf626ee4265b6fb18dc2110bdc4.jpg,42.290958404541016,5.650102138519287
6a11b41db93b4a18b7c4f58b8ffff9e0.jpg,46.06478500366211,16.35741424560547
6a182fb7a73641bba0ad4574f8c46213.jpg,54.56629180908203,27.069150924682617
6a31193fb3bd4e76bde3f610e538718b.jpg,53.01461410522461,20.899173736572266
6a40f2124033443f9d1f1a291f7e7f29.jpg,39.43720245361328,18.699153900146484
6a4ef148a03048bcbf2cf4fe165edaca.jpg,54.79322052001953,14.19422721862793
6a501c79d72048b5ac53c8cd977267ad.jpg,53.80315399169922,11.070098876953125
6a6b3c6caa154c8c9e131ca5b2545122.jpg,64.8947525024414,20.549819946289062
6a7642ea224f49a782b874827bfa93c7.jpg,44.52075958251953,9.508703231811523
6a926898b186406aac45f84f5533c58d.jpg,46.80540084838867,18.158267974853516
6a93c5b423c14bea922398e7364d91e2.jpg,50.13029861450195,2.5281057357788086
6aa84d2f04214b25bb1d4e56ba56b7d5.jpg,50.219417572021484,6.402402877807617
6b0d3ea4f06d408fbb976b2f60b775e4.jpg,47.183197021484375,11.639459609985352
6b26eaa46eb04722b333fcb3c0d8dd61.jpg,50.762638092041016,9.156852722167969
6b2a5062db9e4705993457fc36470aad.jpg,63.945072174072266,22.010501861572266
6b38ecb49b6d4193b54dedae551b19eb.jpg,63.940895080566406,22.882577896118164
6b5735e056bf406f9357ac5fd3abc9e0.jpg,45.54720687866211,10.970172882080078
6b6fefa0ceed494e83c177a8161e27a2.jpg,51.8209114074707,11.318597793579102
6b8f184efe194b538a4be9285751e308.jpg,53.148681640625,15.384414672851562
6ba90275c12c417d8716593e657ecbda.jpg,52.96900939941406,3.065896987915039
6bbd022cf50d4c8f9d3bef912950d365.jpg,48.74711608886719,16.135833740234375
6bbea18792094216bccb2b3f7ef5f778.jpg,53.374149322509766,11.620201110839844
6bcd186b36164603a3bb8db7f5772a52.jpg,49.46220016479492,10.147693634033203
6bfc42cab3044dfb8965ae9a3e506ddb.jpg,54.34342575073242,21.461652755737305
6c160c52036349109b59a7565290f38d.jpg,49.66827392578125,12.098221778869629
6c1a3c7f32604c1789dcce075cddf698.jpg,53.23532485961914,13.518060684204102
6c2a0c39f00a4dc6a259a8940831fc06.jpg,56.77451705932617,-11.125831604003906
6c4b0efc39f24da4ab6019046533bd62.jpg,52.79294204711914,11.803378105163574
6c5dc23af9c74b7bbf21666f105525d9.jpg,55.06923294067383,12.368680953979492
6c773d5e4315426ea3741668dcf93dcf.jpg,46.18119430541992,12.514388084411621
6cb1e6b4df7f4ff896a1bf9121341233.jpg,59.23739242553711,16.44065284729004
6cb25eb3ef974cd39a92330cf2d584e3.jpg,49.19331741333008,10.460636138916016
6cb6eb345bdb48af828dd6309becfc6a.jpg,41.67581558227539,14.354727745056152
6cc135d46ec44172b5c7fee918f10442.jpg,65.37374877929688,25.37457275390625
6cd74053229a4e07beedac8061e42092.jpg,45.28839111328125,15.979665756225586
6ceb858a7c8f4cc2aaac1d022c15af64.jpg,50.704124450683594,12.631876945495605
6d0fb704770d4e8892a83347eb35c60c.jpg,45.01982498168945,12.410177230834961
6d160e4623a44958bed31dc67a17ab1f.jpg,63.11600875854492,22.189571380615234
6d184561c3304c67bbef9792d3e0be38.jpg,58.16032409667969,13.237271308898926
6d1cd8e4a8e543639d09cfced11b3694.jpg,44.95643615722656,9.819100379943848
6d3c7844a1f44b949210c139d17b94b1.jpg,63.57135772705078,16.242359161376953
6d3e8fbf75f64534aadb5a3125383325.jpg,51.71393966674805,12.37059497833252
6d5d07664a984ba682c4b7aa5f2fbf9b.jpg,66.01832580566406,-7.791778564453125
6d8bcd27205245b99ddcb3cff32cc329.jpg,48.771053314208984,10.54149055480957
6db38ee46e734cdfaf6c500fb577a1a2.jpg,49.703773498535156,13.332877159118652
6dc2cac4b67b444fb1f173c3aba3a408.jpg,49.95487976074219,21.898178100585938
6dd09f440dba46d0839a311e81e9fd59.jpg,51.8245964050293,21.28296661376953
6dd67a9058214ae3869d75bd66626e48.jpg,40.139060974121094,10.866293907165527
6e222c7fc23e4b7797095201c2d7d178.jpg,60.20793151855469,21.372753143310547
6e29e3a799c44c27885368e00bf6a361.jpg,48.319820404052734,20.130491256713867
6e334fa9ad5246a6a8ea9edeb8a252d4.jpg,59.492000579833984,22.307584762573242
6e4089391f7e452992d56db81f69240b.jpg,54.50697708129883,18.03885269165039
6e487cb0f02240c28be169e7f4309e5b.jpg,51.40652847290039,6.919906139373779
6e88092705d54cd79ff3d67da696856c.jpg,50.218997955322266,9.573477745056152
6eade422e8014d20a6bce0b6f91ce50e.jpg,53.62160110473633,9.911773681640625
6ed2a322c24f410a994e3f707c0bec5d.jpg,53.864688873291016,5.204311370849609
6eddf7c042c14a1f8495b8d849460d0d.jpg,62.57319641113281,18.249055862426758
6f6be1caf41d4886b0eca5fcaaf3385c.jpg,49.597373962402344,12.518938064575195
6f85178deafc4c71833692010434cf56.jpg,51.58279037475586,13.65338134765625
6f877400f8994a59bad29546851bb60c.jpg,49.440731048583984,18.544431686401367
6f94b099467d44f2ad8c4f8d1decb38e.jpg,48.79924774169922,13.19070053100586
6fc11c0552ad4964a3323a84e0193be1.jpg,44.5333366394043,3.8650708198547363
6fce2c1453c8489d8664253c9fa8db2f.jpg,53.43214416503906,14.103772163391113
701695c9fa764e9e8b87233625542553.jpg,54.44852066040039,11.632685661315918
702cff987d95412989d4a1bfb4a32e62.jpg,65.58308410644531,24.93198013305664
70321190a0d74a75a38a0a65f839752a.jpg,48.166831970214844,10.535139083862305
7056b2b986354ae5a643bfa08141648c.jpg,50.29309844970703,10.331028938293457
70582056dd1c403dabcf647360ff6d7d.jpg,61.5262451171875,-11.200967788696289
707c933691d443ef84a7309909af0b37.jpg,46.73341369628906,15.07751178741455
70d9739c06a44c5caae424155bda4bb2.jpg,46.84885025024414,12.87784481048584
71041f146f9b4a048aa72da61f8fb144.jpg,65.05360412597656,24.990978240966797
7134d66cee8a432882c006ee7c46248a.jpg,56.74784469604492,7.68686580657959
7150aee0f31e43feb3419e0dde2a76a6.jpg,56.9891242980957,10.945566177368164
715d434f7f3c4dca8398a98cc85af0ba.jpg,62.57073974609375,21.245372772216797
71a64feadcb04b778e76ec055c02162c.jpg,50.19544219970703,1.553762435913086
71cb4e9d258a4dae9ee68756031b9c52.jpg,43.74647521972656,5.901981830596924
71d04dc8abac4ad7998f93673adf7602.jpg,53.497581481933594,17.133094787597656
72005df6f477453292c77add18db35b5.jpg,51.5894889831543,10.007390022277832
7208dceffcab41f6bbd26ba8bd0749cd.jpg,52.37417984008789,12.458074569702148
7213d726585d43b29567f8cdff88f2cb.jpg,52.67900085449219,15.87665843963623
722d321748aa42f1a53b5a35ea8a5295.jpg,49.173919677734375,23.264881134033203
7247ca17c1be49a1a7ec3a3add87db10.jpg,50.80492401123047,13.66806411743164
724804efcd994c6f9a73dab3a09c9f3c.jpg,56.235504150390625,-2.690673828125
72523190f7c942ddb543214823317310.jpg,55.605804443359375,15.683365821838379
7268e1c875334414a7aea1fd2e59161d.jpg,64.65669250488281,23.132232666015625
726eb85ed58a46f4a3adad84d6169ddf.jpg,66.46067810058594,26.202003479003906
7276aecd7fdf4ab2ac7a2505674c75de.jpg,47.537025451660156,18.692237854003906
7279f04a024645aba6924b43387543dc.jpg,54.55095672607422,23.586185455322266
7299bb79897e48ac844d727535c61b2d.jpg,55.221702575683594,-7.094379425048828
729df97b87b640bf98399e36d2884a93.jpg,57.28126525878906,17.804580688476562
72be825f4e2f454eace328795a9b4612.jpg,63.28278350830078,-5.1063232421875
72ec6ecf55124e9197db20ac0bd1ddac.jpg,63.96857452392578,21.625574111938477
7327da65ee3d461bb01c523052cc9c4b.jpg,52.87520980834961,14.121997833251953
736e1890141e495fac14a0a1d7fa1507.jpg,57.489723205566406,14.892768859863281
73793f207a1f4b44bdd4b62bba9b600c.jpg,62.61167907714844,-5.179426193237305
738435874c81444ea0a67ef74506399a.jpg,60.04054260253906,23.920230865478516
738e705bcce7464aa34d274477eb7b08.jpg,47.56314468383789,8.27297592163086
739bbc7f492f4fe789ce15530a3eb06e.jpg,43.47251892089844,18.19582748413086
73a4e74f790d4d1f827b15561d0f7515.jpg,60.53269577026367,20.83095932006836
73a9a3f395cb427984389d96e5ef2a91.jpg,64.0691146850586,23.681427001953125
73ecb78db3a644fd8fd3539fd4059f43.jpg,42.553043365478516,18.570463180541992
73fecd25da664779a87cda5bb1074f19.jpg,66.91790008544922,25.32569122314453
744fd50fbc21479eac746c87cc68497d.jpg,69.14920043945312,-25.17771339416504
74814f60e7ff4812a6418ce9646e6d49.jpg,45.62330627441406,10.140326499938965
7485a5870ab24cceb7e0b93a531852e0.jpg,45.929691314697266,19.9759578704834
7489494af599421fab5fd73658d09b9b.jpg,54.783607482910156,15.58121109008789
74af524903324bca97ba662aaffb43f6.jpg,47.88861846923828,8.545995712280273
74b21ccbe8e64efcb44a03605264dbe1.jpg,47.7161750793457,-6.104587554931641
74dbaab923a54b5b94f0c0108c79338d.jpg,53.29654312133789,14.39272689819336
74dcb4775cbe432ea1eb00392ba72157.jpg,38.58745574951172,10.903545379638672
74ef2d66570441db90c2cd8a91bfb4a1.jpg,50.46518325805664,11.602642059326172
7550264f77684789991cc6c8ddae572e.jpg,47.00947570800781,6.172424793243408
7555425377f447aa8e8b4e0a4a17baab.jpg,55.69350814819336,25.003067016601562
75569dddf496466da48609f4f207187f.jpg,65.18708038330078,-23.20866584777832
7557b65983334e269efc861e0db82408.jpg,57.4086799621582,9.918081283569336
7564e3cf27ae49b899b4efbaa50ac862.jpg,66.0781021118164,22.392736434936523
75695e109cb247eabf716853b6540321.jpg,53.960445404052734,16.26095199584961
7574167c1a384c5cbccec36c6ae34f1f.jpg,54.61124801635742,17.39444351196289
75a67e3bf9d34df29a5a12e3fd3236c8.jpg,50.28314971923828,10.081437110900879
75bced67159b4d4387e33eae372376fb.jpg,51.90953826904297,11.973435401916504
76149ec64d964260bd0f8572aea517a0.jpg,66.1240463256836,-25.74321937561035
7616a3e419054774bc4687ccebf39630.jpg,55.54025650024414,14.860557556152344
76996371b0ae41fba82a7da61ab09e7a.jpg,42.6312141418457,10.427995681762695
76bf045379f34da1bc695e05dc322847.jpg,64.16043090820312,-14.601791381835938
76cdd24d50b04667bfd834e39691b778.jpg,65.25762939453125,-10.875921249389648
76e4358dabee4dcb9faf794854d4cce3.jpg,47.94975280761719,5.543855667114258
770e02690fb44339b69f4c3712ec202e.jpg,48.14224624633789,7.720241546630859
77244cd62eb948669d8ce6016e08cc37.jpg,49.435848236083984,11.653112411499023
77383264c6434848923b7e5b3eecfae6.jpg,54.70367431640625,11.711563110351562
778853553ba94dda86b15667db9a87a2.jpg,52.091278076171875,16.88762664794922
779d2424bc784d18845e269c7f545ac3.jpg,54.85041046142578,4.770886421203613
77c553a1bccf42c68e94a0bc29e7d61c.jpg,57.75578308105469,16.765731811523438
781471b0d966440a9c14de15c2e0a6c5.jpg,55.980621337890625,14.427498817443848
78738576c14f436aa7aaa9cc213c7694.jpg,55.53605651855469,15.704050064086914
7885d58c05814de29ebe2e27b3786677.jpg,49.356475830078125,10.575538635253906
789f5a3718f04c73ab2079897c4b54da.jpg,47.14399719238281,15.439806938171387
78ba2c7c8b90476182f5a47b334bca20.jpg,52.61555480957031,16.623788833618164
78c0b06337c743bdb3f192769cc785ec.jpg,64.50495147705078,22.045242309570312
78d97ee8103b4675b6c07f73908102fb.jpg,44.2454833984375,17.394712448120117
78d9bda9f6fe4798b44b21a30166750a.jpg,66.413818359375,-21.33930015563965
78ddf6d127b74820824696db12edc87f.jpg,50.438255310058594,13.674842834472656
78e71d4260f4460bbf4105ffd746fc43.jpg,55.05193328857422,21.257822036743164
790afd918d8448ef8185d2e3320520c0.jpg,41.17381286621094,7.5959272384643555
793ebc215fdc4e0090f597a57f905df8.jpg,52.80441665649414,-1.7736740112304688
795d0b79592248908e2dbff4f9137e00.jpg,52.012691497802734,12.16641616821289
796dd52314614236b5db8f2b1ac09cef.jpg,50.158843994140625,12.767476081848145
797d7362f7da4cca86b50cfc115dda2f.jpg,45.04771041870117,6.675368309020996
79e7f4ed9d9e4dc5a1530874475beff7.jpg,56.42509460449219,-8.266059875488281
79eb63ca1a73430abcb317716189ef72.jpg,56.06210708618164,33.64152145385742
79f73a962ede4b13ad2c0a3f1e89cdc1.jpg,48.576560974121094,8.582334518432617
7a472fb018184568b2c02d801f4be149.jpg,51.075931549072266,12.03562068939209
7a65dbb94cc84a45ad84871c5917d9ab.jpg,56.02255630493164,-13.840816497802734
7a6a507f0c7a4426ab643ba2cffcb245.jpg,51.087928771972656,11.800675392150879
7a71383c65d84a8c956b8ae174f25ea1.jpg,46.96426010131836,15.942241668701172
7a783da21533478081d1849c335f44ff.jpg,43.0023307800293,13.057821273803711
7a9c9f0374d54acb82a34a68da3eae85.jpg,52.40633773803711,6.962487697601318
7b33763176954af799b356409bd116c3.jpg,61.31641387939453,23.25339126586914
7b739ec6d373420ba44efcd748fa7faa.jpg,49.51838302612305,-0.12233352661132812
7ba2c33fc1e14747af7866a8c555e371.jpg,66.570068359375,26.43918228149414
7bf2449ec3fa4d71954a00d81fa0f5cc.jpg,50.58359909057617,8.79810619354248
7bf5d123477444319dff15a3dda6c9f4.jpg,64.80414581298828,23.636701583862305
7c0641772a554fdfa7357b7a76f19465.jpg,51.27781295776367,6.353862762451172
7c12bf4af8c047a5bdbb1e7da51e1933.jpg,63.986270904541016,21.368370056152344
7c18e45c2b34499da3dd6a736d55f22d.jpg,55.171417236328125,14.828422546386719
7c1e8f9722ba402bae6abdfb03297551.jpg,46.26971435546875,13.684892654418945
7c2e2154d40041058fdac08437e7ff80.jpg,48.30332565307617,3.1815309524536133
7c3474f3bd1e415db78c0d78ff92d7a1.jpg,63.18517303466797,22.99820327758789
7c89cc17071c450fadd9a78b86b97a67.jpg,56.018218994140625,16.583534240722656
7ce89d1387e8463aa47eeef21675f8c9.jpg,59.793941497802734,2.7804269790649414
7ceb183a5324496daa43d9d1aa0d5728.jpg,51.33367156982422,14.752054214477539
7cf0a096d4734704905fb6def4145f7f.jpg,60.34996032714844,21.962018966674805
7d20cf24b2534e33878c014e9bde6206.jpg,56.43810272216797,17.2459659576416
7d78d8b1a04d4a24a023cc074a994288.jpg,53.68918991088867,14.330992698669434
7d8e3759cf144d15925842031f7a6d0c.jpg,43.66839599609375,14.713640213012695
7dbf955300ec432e99da41f823e7fef6.jpg,43.811729431152344,16.599388122558594
7dd24f540dec4d0b9262949f9a19fb51.jpg,45.990516662597656,11.371931076049805
7dd3a011a6754da990e5d82508c60e1b.jpg,69.24861145019531,25.98275375366211
7dd5a76e56b247ed96a935412ba5049b.jpg,51.86103820800781,11.765089988708496
7df55f4f6d514a8b94cd59565af67ca8.jpg,58.441593170166016,18.281539916992188
7dfd7f0421eb4a568b2b0e0f28feeccc.jpg,55.29375076293945,14.462419509887695
7e2f62d025984888b68ebafc1e40c695.jpg,50.16460418701172,9.743849754333496
7e377fae44e64a4eba2473895839ca00.jpg,54.354408264160156,18.34011459350586
7e4af8d171e847cd8f15d6758bddaadf.jpg,57.28829574584961,14.4960298538208
7e6e0458904149b79f5a00baeaa31363.jpg,65.10319519042969,24.178800582885742
7f1f0640cd934184b4cd0058ecc861d2.jpg,70.35440063476562,29.37146759033203
7f3dd93591c84ab0803c3fc993720c34.jpg,42.79399108886719,8.468432426452637
7f54ed9c754f4bdd86a388b7551976e6.jpg,54.78782653808594,9.238077163696289
7f5dc95b487c42c3aed15b2b6ff004d8.jpg,58.55801010131836,19.663911819458008
7f6953c27128419db8957d2050bbe6b4.jpg,43.61865997314453,10.320937156677246
7f76c984034043fda1aff53866bfc825.jpg,46.25623321533203,15.935198783874512
7fa2dcef7de74519b6e40fdebdbd2d8f.jpg,57.110595703125,19.16608428955078
7fa6a6d4c05c433daec58a9aba7e172e.jpg,53.709232330322266,11.974940299987793
7fadc5ed340f4e5a9b57e6657e08ee55.jpg,68.47367858886719,29.290645599365234
7fc17ef308884b618d5c7a9718b8bc49.jpg,53.01211166381836,22.928417205810547
7fd5dcbd1e9d4e7caf3f9c9b35145e4d.jpg,61.1168212890625,19.684173583984375
7fec4e7d021e4502a94722aae03e9b49.jpg,47.75791931152344,8.24770450592041
800009e8a1cc4e01a8540d4fd38d39a7.jpg,51.86808395385742,11.971407890319824
80093a5d23f34eb5b3f23e24f57108a0.jpg,53.12144470214844,10.57044506072998
8016eed9a2714662b329e646d3bd479d.jpg,53.703590393066406,7.21890115737915
80311b5b0f944f1e860d150a95367b8a.jpg,50.612613677978516,10.838168144226074
804ff4c049d14769a47a58d7d3fed7d5.jpg,56.42877197265625,9.134995460510254
808312962edf4c12aebebdfd4fc41164.jpg,45.47333526611328,12.718793869018555
8096d420ae1546ea911675fd56cf0da8.jpg,63.13120651245117,-10.653240203857422
8098ebcca69f4aa1afb0bff06554d460.jpg,61.22618865966797,19.536418914794922
80a09508cdfa463c9c5c80a00f6a359d.jpg,56.315914154052734,-6.15850830078125
80bfb2f3a0c4417d97f7d0df4f529607.jpg,66.0274429321289,28.596263885498047
80d7376a5dea409aa8d215419b4414e4.jpg,59.070735931396484,18.372966766357422
80e3245bed1d4deaa6b8a4f90e453e17.jpg,65.21438598632812,25.63430404663086
810fd587e75a47c39e8b4c780243957d.jpg,54.638671875,0.7629451751708984
811d187fb75c4dfba2a1f3bb4df313bb.jpg,55.28598403930664,14.676919937133789
814689c3c68844edafef6e43e5cb2c10.jpg,38.73973083496094,9.38298511505127
8182cffca894412cb704d7228fa2067f.jpg,61.9002571105957,22.274051666259766
819f99d5a28f4109bdaf973515d86205.jpg,51.572105407714844,13.130635261535645
8226ef5ae53e4d618f72097facb1a5ad.jpg,58.097618103027344,19.04157066345215
823ce6d64c5d4871a7e000632d9e2a0a.jpg,54.18778991699219,13.928175926208496
82512a947f4e425db33e710ba0a92d0e.jpg,47.5879020690918,6.296295642852783
8275639d47194a8ea58695bd79a2fe48.jpg,54.316410064697266,22.548147201538086
827e08cb9b084923a730a3d026af9dea.jpg,64.04826354980469,22.75394630432129
82a133fae34b4013b521f9b9397a3b0e.jpg,55.5626106262207,15.899078369140625
82bc6255dcab43319defd1e77f6f943b.jpg,49.02030944824219,7.297422409057617
82d9113b1fcb44fe9f52a65924340b1a.jpg,64.21016693115234,22.464439392089844
82e08f4f497a4a9d8da8ae08fe2cc684.jpg,55.88729476928711,13.570734024047852
831de0b7704d49f19f82fd6bf402637e.jpg,54.91230392456055,17.145553588867188
832a68b256b0495b80349818840ed231.jpg,48.059261322021484,8.346017837524414
83a4c08c618e43f89ba70d3d117570bb.jpg,54.87250518798828,15.713546752929688
83cef05b8c0740fe905ee32b53422dd8.jpg,63.91377258300781,-12.56721305847168
83d6c2d87c5d42989893995b9c3c8f00.jpg,54.960693359375,16.85378646850586
83dc47c3c8b64efa959ff0a1ea089b14.jpg,64.38272094726562,22.491230010986328
83df6925534647928d893532435d3c50.jpg,63.217124938964844,-14.515575408935547
83eacfecca2446099f2b23505cdb7fa0.jpg,39.91529083251953,15.285135269165039
83f00994aaea4d8aa8bafb01eb7ff6a5.jpg,61.7119140625,20.688934326171875
84030db45a65432baff44cb93a7820fa.jpg,52.456539154052734,0.9662847518920898
843af13641184c1a978d862d3b4f349b.jpg,44.392913818359375,14.512349128723145
843d6833ab794c938b23fe9ff2461ba8.jpg,44.267845153808594,13.035531044006348
84644c5684314d78919965e823a3ed3c.jpg,41.07440948486328,6.158931732177734
847b277fa67f448d877d5ac01943bc2c.jpg,42.81498336791992,11.947653770446777
84b8b1e150d24ebb82c1f1baf1ae7d1d.jpg,48.00792694091797,8.960951805114746
84d9d77250fb4ceb88bb1e285ddff13a.jpg,63.08695602416992,-15.89007568359375
84e2c872aa0d4a4db605f1640ce94988.jpg,62.462345123291016,-13.44443130493164
84e5144c9fb840dfa4b151ead606dea3.jpg,55.484519958496094,-4.084622383117676
84ec3329cf684f59af55c838b333322a.jpg,64.95893096923828,-16.589406967163086
84eec43f9c19467ab46ac6bea6758de7.jpg,52.014854431152344,8.02884292602539
85174adc26c546468a61edc1b6b18798.jpg,73.39839935302734,-31.134557723999023
853a737ad3c44f60a3f9db6dc3811ba5.jpg,50.36739730834961,7.943815231323242
854f439ccf264ee4912abacf0198306a.jpg,62.130889892578125,26.006633758544922
855dd61def9d41bcb8e38021101a8c3a.jpg,47.74388885498047,5.771420955657959
856806a9f9e44b28be3f1fd1c401d663.jpg,54.03789520263672,13.334547996520996
8574aa519d6844ef8acb6a110d91ca03.jpg,51.5046272277832,14.747673034667969
8589fa33775c425bbff6a1886be9660c.jpg,51.387874603271484,8.66269302368164
8592c1f5b11c4e12b56ea646546c0e6e.jpg,56.739532470703125,21.5845890045166
85b786041430491b80050aa6bf9dd290.jpg,48.35847473144531,9.997323989868164
85d9619c946f4955a5f4e55bb260f6c8.jpg,62.1032829284668,-11.690681457519531
85ed12aea8b2413bb91396f624be9fbb.jpg,59.061893463134766,-12.856443405151367
85fd64ae502b4753821d6f8b8c5b0dbe.jpg,55.60005187988281,21.1456298828125
861eeb8cf51f45ff909083c664db4f7e.jpg,50.24715805053711,0.25235652923583984
862a525326be42fead0937312e55047a.jpg,45.36106872558594,9.597695350646973
865df8484b5f4f92a7e09b08bc468768.jpg,68.65042114257812,22.256954193115234
8672b979d3364a3385d4929cc73120b5.jpg,58.486656188964844,-3.95334529876709
8678fbb7c0e442419085e547240ce7fb.jpg,54.34238052368164,10.908434867858887
867d5a36f0864a1ea82f2146ac726a81.jpg,51.617156982421875,13.117790222167969
86a04310864d41268f59e4aef17b022e.jpg,58.28696060180664,16.743268966674805
86b77cee7b274325a20113530c0272b8.jpg,65.09017181396484,24.64842414855957
86bd3d518c6447998b835a9d34bfb7aa.jpg,43.96599197387695,7.147387981414795
86df4270cbb046beb6ed8f305e3cec34.jpg,47.36455535888672,8.129549026489258
86eddfe8e1584ccda08c1c235de90434.jpg,53.45563888549805,22.860511779785156
86f19d755aac4b489db1dd41be26341c.jpg,42.46640396118164,17.131790161132812
872548bb5fed4ce0a567b40ebd9f32ef.jpg,44.568058013916016,6.63767671585083
8726cc0c6f564971b076432e4279f3a4.jpg,53.99691390991211,14.487353324890137
87271d47742e41cea1c6e21e227ca609.jpg,52.165706634521484,15.775137901306152
8739be29941e408f8ecef84e09211622.jpg,51.978515625,11.415958404541016
8741bc3d3aad42349319d7336e43abd2.jpg,55.16337585449219,18.68179702758789
874a2946463645daa68f645fd0a06575.jpg,52.66398239135742,11.586045265197754
874f43346e18464da384d776d67301ee.jpg,60.60914993286133,22.062236785888672
875020ace21d45a98b9346a03e58c868.jpg,48.563148498535156,9.933019638061523
87c496db25ea4c78beb56977606a0069.jpg,41.13475799560547,7.567080497741699
87df34b1255347b69c3e019b834e8e88.jpg,50.044837951660156,7.263418674468994
87e002cc53454ad19bee60987fa0f459.jpg,51.01753616333008,11.017696380615234
87e5574366d94f13830a0cd8131543c8.jpg,49.36308288574219,8.906631469726562
881ca04a71274f01a62c707f43b55eef.jpg,47.66999816894531,6.159762382507324
88429ebfb66b4565b991855b129733e8.jpg,63.40766525268555,-20.058544158935547
887b20b1cce749c085dba5314c4d45b5.jpg,50.59622573852539,12.767119407653809
88c4cd19772e423faf5c9d9b8b9e22db.jpg,53.85007858276367,14.058206558227539
89059b89237d445fb0d82acc63f1e78b.jpg,56.818939208984375,6.254311561584473
894929105c3a40748ab297b86a6a561f.jpg,57.02355194091797,1.95184326171875
89537bdfcd9b49e885bfe790ee7a45e0.jpg,45.46083068847656,14.103500366210938
8974b6aa34b44bfb92c5ba730aad6000.jpg,48.648399353027344,11.226730346679688
8992e36af5064c81921de07c067fd036.jpg,62.11703109741211,-15.438131332397461
89939d6b8b0640b9802e8149d34e6789.jpg,50.213172912597656,16.386486053466797
89aab63f9ec94f229168a7e6f8b95dd7.jpg,66.55826568603516,26.310413360595703
89ac1e180c9443619f45f577c0a929ab.jpg,52.83791732788086,12.281416893005371
89b4e4d691f54f778199a05378125d5e.jpg,66.65894317626953,26.121952056884766
89b8b3fb46224607bcdadf27ead0d64e.jpg,43.22618865966797,8.927318572998047
89ed5f24b2f6413091999411568f65a8.jpg,67.30451202392578,24.501441955566406
8a026c91e1024891b0b9a978878c44b2.jpg,51.618675231933594,32.10389709472656
8a17e1ff9ccb4429ab76660eb53900cd.jpg,51.80105972290039,18.232078552246094
8a254dbcd6974becbee3af6efda06e23.jpg,52.33021545410156,8.861921310424805
8a379a6d7cea4245a06624a14b5ed442.jpg,52.65442657470703,8.827116012573242
8a463ac69ccd42a8a387e3c0657af7ee.jpg,56.1757926940918,17.662776947021484
8aa35244ef0349d28e111a7a4098f51e.jpg,49.67703628540039,11.821857452392578
8aadaf102c2347fdaed9db4da85f29f7.jpg,49.51137161254883,11.455794334411621
8af0c6aa101f40c4ae1b756872c34fcf.jpg,52.10407638549805,16.33381462097168
8afd9c9d2ffe46c091f3fe981797d7d5.jpg,52.679931640625,12.731237411499023
8b183b95041f46bc894ad03340089076.jpg,50.2246208190918,10.522345542907715
8b25bd59282a4869a12178df0356cf40.jpg,54.363067626953125,19.77084732055664
8b6300c92f104e4bb9563efc23056082.jpg,62.27286911010742,22.746051788330078
8b847eaee4b34e9c9d06200ea15f4968.jpg,66.1885986328125,26.45755958557129
8b97a7e96c2540e282b176d50217660a.jpg,53.44759750366211,13.766437530517578
8bb926d46ac344e9b79c83087cfaaeb3.jpg,47.7678337097168,-4.470864295959473
8bb9bcd7278e4e3a80629a6f11dba482.jpg,41.53499221801758,7.457894325256348
8bcba0eba25443768f82c4d833d017ce.jpg,51.33999252319336,13.34468936920166
8bcc0a63e0ae4ff0a50e6722930cf888.jpg,64.30398559570312,-17.71563720703125
8bce4dc927724fe8b8f07a4241c65577.jpg,68.20293426513672,-20.31734848022461
8bf33392769346c7b1cf2b3706b11331.jpg,47.341678619384766,13.885729789733887
8bf7476e7dad4d20808d98d4f07d115e.jpg,55.30345916748047,12.672998428344727
8c0b0281c5ff479687e5f56f6dcc8b6c.jpg,43.38114547729492,19.24089813232422
8c1edb188bc74449a65cee6ac0e37fc7.jpg,52.94300079345703,13.9337158203125
8c573a1f456c41d3b7f5890d54d01449.jpg,46.6375617980957,8.80188274383545
8ca90150b72745cb9dd91d2b4884bd76.jpg,60.28982925415039,16.669490814208984
8cb3282459ca4d3781dd2309ad5b9112.jpg,50.09553909301758,19.075780868530273
8cb8cf504dd541318155247ccf3021e1.jpg,61.48808288574219,23.569229125976562
8cb8d63c8b0d4245a0abda63d9152c55.jpg,55.006587982177734,18.702341079711914
8cbf3dbed95448f8ae37b4be26d11c89.jpg,56.22389602661133,19.56772232055664
8cca4b445c0d4894b86b7f3642e9b926.jpg,61.30435562133789,22.971935272216797
8cd169cc26804f3ba25d22a58eb8947f.jpg,59.07792663574219,11.936654090881348
8cd9f02535294a928d71860740b997d5.jpg,63.17039108276367,19.044498443603516
8cdb0d7c388f40d6990a78832af4df81.jpg,45.910221099853516,15.988323211669922
8ceace2598fb4d59837e7253d9ac83df.jpg,67.23810577392578,27.657779693603516
8d25f540deea4257aad0b915139ecc97.jpg,53.53841018676758,14.195432662963867
8d30eafc3c0f4b2da0552320d0c6a09e.jpg,47.51268005371094,4.3749284744262695
8d34d64c81444574a3983fd34247b4f6.jpg,49.70680236816406,10.06955337524414
8d382eef0fc541c6a902bcb4753682a3.jpg,48.80707931518555,16.436992645263672
8d4f1d4ea1af4c2499c70b43df6fa840.jpg,52.480674743652344,-11.741775512695312
8d5a7826598c4b54a55d9be6baf1aa0b.jpg,53.28288269042969,9.790947914123535
8d785861e85a41a398172b8e9331dc8d.jpg,64.74412536621094,23.983428955078125
8dbb18a72e7a4a409d3ec973058bfb35.jpg,41.23522186279297,10.804376602172852
8e13b481f92a4dc298376e0a75885eb3.jpg,43.42002487182617,13.118633270263672
8e5ce9804633442db5d24db22f7d8f68.jpg,60.75585174560547,21.269927978515625
8e89e7e4ec9a45e9b7fb38804f086ac1.jpg,61.5742301940918,22.73834991455078
8ecfb21faa30401eb28521f95de2efbc.jpg,58.466644287109375,-2.228266716003418
8ede0322886b40bca11cff6086a044e0.jpg,56.630767822265625,14.723567962646484
8f69428e51c645c3b1a8bc021022dad4.jpg,47.94163513183594,14.025489807128906
8f69b818a5eb43a7b06d7bbe7aa3c34a.jpg,46.29846954345703,18.15243148803711
8f726a0db905417db6da4b70ffbc466a.jpg,51.66216278076172,5.599873065948486
8fc5d5c28d7a498e8f3efffd92793a0d.jpg,40.23701858520508,9.053820610046387
8fd7ce9c7a434ab7a6ea9a9921cdd2ae.jpg,52.96822738647461,11.365646362304688
8fdec2f2c5a0413f852bcd7fb7557edd.jpg,42.86038589477539,16.5338134765625
9019a5a3563e4b468f760e76f2e4fe51.jpg,44.32046127319336,14.136985778808594
901ed662bff24a92a232ac544485edb3.jpg,55.53915786743164,10.659101486206055
903e827518444a8fb93b07e017fc71a0.jpg,57.25929260253906,18.00629425048828
906f18f52a0046e7bcd5748e54e136c1.jpg,52.2596321105957,12.529964447021484
90c37f3e0e6240d7b224505ebbeb5489.jpg,52.36799621582031,13.660975456237793
90e10129922945df905bd27c530900cc.jpg,43.46923065185547,8.9679594039917
90f5eabdd69548cd880c66aebb8b707b.jpg,64.10794067382812,23.725326538085938
913c96ea588e4ea59ebd134b71430af1.jpg,59.80897903442383,21.617321014404297
915c0694ebcf45d5a6c29a1a0921e493.jpg,54.817344665527344,-5.335969924926758
916807daeebb43bc84cfacda2a1ae709.jpg,36.549560546875,12.598158836364746
917630084c194bb5b1ea2aa37d772c37.jpg,37.8563232421875,10.203301429748535
917c83ce50ec4686a018d2251ec5b555.jpg,45.7501220703125,9.694866180419922
91989c78bf0c439f88170d7e5737a1f3.jpg,60.4068717956543,8.157007217407227
91a2b0cab16f44f29d8b3f8379c96cd2.jpg,51.41412353515625,12.306012153625488
91bc886d37784e3a9ef3d95cde9dcf7a.jpg,40.7590446472168,9.007444381713867
91e354bc05d04b7f80cdcf7c4d24efde.jpg,52.91434097290039,12.439014434814453
91ece8e2422c4cc4a1478a5555b2a025.jpg,64.07677459716797,-13.49679946899414
9210c9b6321c47198d7a95154e9904c8.jpg,52.59864807128906,2.8924551010131836
9215b0c7177f4eb1b7e7503ab7dfd32c.jpg,66.71340942382812,27.389995574951172
921edb1a69124df99d12bc16d8ad7880.jpg,50.60000228881836,18.186790466308594
926011f4d1fd4a12a357e86235e37335.jpg,51.90796661376953,7.497825622558594
92626219c3b34fe5ac9649c77cba5f9f.jpg,54.28057098388672,16.857864379882812
92cb7059de164a4c931b4fd4295fcbed.jpg,40.188636779785156,11.125921249389648
92d2d0ce297443e891b548b389587fa4.jpg,50.14162826538086,10.151863098144531
92f4cdd51bcc40e98f56854bb71e9253.jpg,53.399600982666016,10.090887069702148
9302f9b544cb4cd9b3e5f283d618de06.jpg,57.371238708496094,13.084535598754883
932183b9745a4a0db766fba7d4d83c5a.jpg,54.55440139770508,21.66476058959961
9344966ce7f44c70bce48e26c4fe28c5.jpg,36.482810974121094,9.106104850769043
93573be04cfc40758cc0d41fcdffad98.jpg,58.11137390136719,14.25434684753418
937bb8c0ad3d4089a011b6b478415480.jpg,52.73359298706055,11.998534202575684
943246d37eda4575b25c863217948fb4.jpg,50.79833221435547,9.230679512023926
943dd4c51a8a46bda232a36963e427a0.jpg,46.976741790771484,11.719137191772461
945eb864f6244118ba158e07039eac4c.jpg,69.1094970703125,30.569677352905273
946d93381acc4371a2f31e048e8c452f.jpg,64.10202026367188,22.829191207885742
9485b0321fe04e18a09861ab197c8a60.jpg,59.433963775634766,6.7128801345825195
948e528cf8554d2c96bd37f04d459004.jpg,36.62389373779297,10.673112869262695
94ba348c54074d7585234b581c469322.jpg,52.87307357788086,12.2647123336792
9505e43711714abd9754d4fe6b8a5f46.jpg,47.25387954711914,13.560783386230469
952e399812794c3dac8db7e95bb6914c.jpg,50.54274368286133,18.03143882751465
95d156b142684f3ea74f48596f6664f6.jpg,58.956321716308594,21.107688903808594
95e22d8c168b46c7950178149b71d7db.jpg,67.97969818115234,27.780447006225586
95fe6ddafcd048b38f6fb7ac6eed23aa.jpg,51.243873596191406,11.61383056640625
9623556b768740aa8b7443406b90e7e2.jpg,64.99613952636719,24.810382843017578
965c0a387ea744bb8b9fbc9e39802e46.jpg,61.5354118347168,24.5148983001709
968d47bf5f114d219b7f5b2ca99e2007.jpg,49.24876403808594,10.146968841552734
96bb92a0e89849f29b8f9ee3c1890aaf.jpg,46.534236907958984,8.407452583312988
96c64e652b754ee1afe5d54e051ab5d5.jpg,52.965911865234375,1.7179851531982422
96d31edcf85847f5854ba0601802a215.jpg,64.43692779541016,19.27474021911621
970220d020e14277b7a5bab957bbf494.jpg,54.09886932373047,9.224555969238281
9727ea8055f7472a9b4fee9305fc7bc4.jpg,39.52811813354492,6.326752185821533
974b5739ce3c4fcaa40480d7da0c5e7a.jpg,63.45640563964844,22.39114761352539
9766975638f3441eb8912779b8d9b96d.jpg,52.097232818603516,9.530417442321777
97cfcca9bfa2446693c8fd9fe087b7a9.jpg,51.841148376464844,9.918641090393066
9803183fa4e149fdaacf2c78390494a3.jpg,48.41002655029297,15.911044120788574
981d9e20973744c6b548e31c163124ef.jpg,53.27857208251953,3.5162477493286133
9837e706bcf24b48a5ffcd06cc92bd3b.jpg,37.84214782714844,16.423603057861328
984760fc57ff47668d0295f141c3aedf.jpg,63.02714920043945,23.730369567871094
984aa5e990cd413c8bf2a2a3e64d73cd.jpg,44.399261474609375,23.782958984375
98527d958c7447a98342243043a3d9e6.jpg,49.461273193359375,-1.7643775939941406
985cf2781c0e43ca8844ab762f7dc5df.jpg,49.57965087890625,14.913835525512695
9879f667e9314855ae0831378fc73379.jpg,52.20196533203125,6.401285648345947
988586848a874ad7aa5b14959493c83c.jpg,60.65885543823242,19.932798385620117
988935e9cc2d4ba5be4cf005fd79be2a.jpg,49.03578567504883,10.64327335357666
988988698cce443b9d191673fef20843.jpg,48.867393493652344,11.895771026611328
988a5f043e134e618fa80db33b050168.jpg,49.94279861450195,17.688810348510742
989a3ed650a94f4c99c7e91f433cba23.jpg,47.714111328125,18.790069580078125
98d38c21227f457481dd9183cd970b1e.jpg,51.35557174682617,13.741647720336914
98d6d37831a04531a41f3d4a4d8cae0a.jpg,62.116329193115234,-11.334423065185547
98df7ec3ffdc4a989cdfd6efd397b4ef.jpg,64.35934448242188,-16.438720703125
98ee473b4a3645838e00294938b19afc.jpg,43.82567596435547,12.574468612670898
98ef20190f9f456c82efa0e7bba5cb2b.jpg,51.659603118896484,14.188712120056152
990f6f52844f4b74bffbb814d430689f.jpg,51.34719467163086,9.959015846252441
990fe57f58144d3ba87ea1a9e000fa7f.jpg,50.77561569213867,12.125073432922363
9918c4a5b0e94c79a672ba75b6884767.jpg,52.537845611572266,6.772907733917236
9929dd8714544a05a5a94ae0931d6ebe.jpg,49.41207504272461,14.664461135864258
992b2c24ee5e4b87a72fdc57d79160e5.jpg,50.69097137451172,20.741477966308594
994706daf88940dfab4e485e0a2ff57b.jpg,52.631309509277344,11.827836990356445
99494e774c1f4561baf5c2c15337aaa1.jpg,39.94001007080078,9.910996437072754
995bc6e862c34cb2a0feae05bfe9c6e5.jpg,51.61854934692383,15.009273529052734
99c0a092fabb4fbaab4fae321419100b.jpg,63.462135314941406,20.206504821777344
99c585918c284c91ba22623d71f16b22.jpg,42.66130828857422,8.312500953674316
99d0a0869bdc4906a1611e077fa05ee6.jpg,51.34201431274414,12.258596420288086
99db522b2fa24ca9b2e24b28660d890a.jpg,52.07148742675781,7.894500732421875
99e081234d9540a180277c2581c93e0d.jpg,51.396095275878906,14.42323112487793
99ed0e9837c84c998f919d53b933c3d1.jpg,43.84334945678711,13.88484001159668
99fdda905fe44ee6876fc372dd9d566a.jpg,55.73442840576172,22.599491119384766
9a09851f2a6f4296a5aacf8cf7855741.jpg,58.76738739013672,18.1968994140625
9a81cc31432a4acf883382b86c95e658.jpg,55.73029327392578,13.286040306091309
9ab734bab0914457bd8a2771f5e40f37.jpg,38.00435256958008,15.291027069091797
9aee195f5b46463bb8a657d295760bb0.jpg,53.576351165771484,10.95478630065918
9b1ca65195974477a8ec02c31638eadf.jpg,51.76608657836914,5.704713344573975
9b23cbeebe2749dbaf045f85df5ed1b5.jpg,44.650569915771484,10.263891220092773
9b591ed1f40f4ac4aea92b4d1592086a.jpg,58.93342971801758,19.775108337402344
9b621969783f442299323db769abb967.jpg,61.506839752197266,21.7484130859375
9b93acf997444aee8d9e40b18f29b552.jpg,52.73967361450195,10.10206413269043
9ba8154393944bc4bbdca61f64dabf2c.jpg,61.27693176269531,-15.709379196166992
9bd0e17fe1874656993c826c3df50f83.jpg,63.81972122192383,-18.667987823486328
9bd29002591e4240b003f75e0770e0b0.jpg,55.55250930786133,18.21003532409668
9c1af1af56434455ac9fe5ae4fc825ac.jpg,43.435325622558594,8.457159996032715
9c1c813dae1d4f53b0914418052a35d8.jpg,49.155433654785156,18.621767044067383
9c5e1e18dd364eb3a7422c66828eb0df.jpg,51.65591049194336,8.867329597473145
9c683f3ba06646babee6f189f43fc440.jpg,53.239803314208984,22.141130447387695
9c79bb25b872434385989e9607aa526f.jpg,37.138824462890625,11.47784423828125
9c9c88625da24076b0110c30909a061e.jpg,50.69133377075195,9.240747451782227
9cd51fca41ae44e198317bdb667ff296.jpg,53.91895294189453,2.678915023803711
9d04ddc60143493b99eb228ce1d942cb.jpg,64.55024719238281,24.492347717285156
9d1b1b6e7743449087e81225198733de.jpg,61.587196350097656,21.297700881958008
9d257a46c14145728f7a29a3ae25d637.jpg,51.07381820678711,16.4642276763916
9d773241ce594dab8041fc22fbcd7fc2.jpg,63.92176055908203,-15.241889953613281
9d81ae31d9304d10bb6501e0c5dd31f7.jpg,50.38421630859375,11.147971153259277
9d82807efa014791b79da5e564e1aaea.jpg,53.03403091430664,-10.708351135253906
9d8e49ac30814ccebae3f33a84bf4742.jpg,59.40542984008789,19.86880874633789
9d934b143a654c9d951e1ef95af003b9.jpg,45.44865798950195,10.981925010681152
9d938564beda4cdb8d56509e2bdbafff.jpg,52.1830940246582,14.303613662719727
9d98e7836fd64f35857beaf78c407422.jpg,43.62860870361328,9.194158554077148
9d9fbabc1ff44a4ebfb3ddc6250e9caf.jpg,45.4887580871582,11.445022583007812
9da327b596ff4b1393312d1d6346083c.jpg,58.9200439453125,-9.894895553588867
9db75f1b0b0845c8a27c598b554813ef.jpg,57.295196533203125,2.6070985794067383
9dbae72af79746b08ed0a976117b8b87.jpg,45.719749450683594,9.391192436218262
9dc19f580f884ad2801b25fd5c098e9a.jpg,64.0597152709961,24.996719360351562
9dc394fd776340b88db39c0e217ad6d8.jpg,53.11116027832031,18.939237594604492
9dda81748a5540c0907da94abe0f9c08.jpg,63.23387908935547,-8.675043106079102
9ddc7ccc36f74c00bab315680d981794.jpg,53.333030700683594,16.296937942504883
9dde831324e244da83d27fa1c90377e6.jpg,42.78728485107422,7.49643611907959
9e0f2dcc62524e2f9bdb110c16deff2b.jpg,59.77727508544922,20.642574310302734
9e1bc52dcb7c4b398664e6b9afa0548b.jpg,62.34947967529297,22.100196838378906
9e1fa0877d45480caa1e3f7df042ce25.jpg,51.08612060546875,9.639543533325195
9e2afee8124544aeb58d7feb062f4b5b.jpg,54.997161865234375,14.7075777053833
9e44e573ed684456be1da1ee1c28ac8c.jpg,54.931488037109375,15.720321655273438
9e6f8b9d1aff4bf2bdbd265b988dbdfa.jpg,61.48539352416992,23.334211349487305
9e8138f9035447c786a247fcc5425e5b.jpg,46.54951477050781,8.243310928344727
9e8984396c52479bbb9cc4588baa8bfe.jpg,56.74953079223633,-1.242274284362793
9e9b79d8337447e28e441b178bce70fb.jpg,46.4993782043457,12.07555103302002
9ea8e8664ecc415896a409e06cfb195f.jpg,46.17718505859375,9.394704818725586
9ec38fccf3cc46c18068ea0efb75b2b8.jpg,59.18157196044922,3.270806312561035
9eff45e7d3d046178207b91f94f6fcb3.jpg,52.55086135864258,12.295180320739746
9f05f02d0aee4659b20af6aaad45a120.jpg,56.282474517822266,16.19284439086914
9f6a980527d14ab7854c4adbce93de9f.jpg,55.36602020263672,12.70729923248291
9f952107996644338c4a5256312ce7a2.jpg,62.700965881347656,-11.385480880737305
9fe98f7d674d44b1bb0bbf4e72e4d433.jpg,45.13694763183594,16.42809295654297
a02f27fc6ea8448e830be1b991c6b11f.jpg,52.177703857421875,13.27756118774414
a04498f7f7c043328a179fbb77e6a129.jpg,48.173362731933594,11.799938201904297
a04ef5b1c17a4092b0c2475918b3ed97.jpg,54.36037063598633,15.06875228881836
a052b6d2a4d1461180c1b3c0e7b5951e.jpg,56.38726806640625,10.685168266296387
a0589e637a474c57beffcef89cf6f529.jpg,51.30379104614258,3.4583864212036133
a0782c93e92744d699d8b0369d262d2a.jpg,53.0634765625,20.419893264770508
a096ddf8d3114813ad2b34ce4b0f4ff5.jpg,46.716209411621094,8.061291694641113
a0b91bde6c7d4fc6a84d1d34a2a47c63.jpg,50.78768539428711,11.582754135131836
a0c13064d1cb435295e43bbae57c3e19.jpg,50.809452056884766,12.459846496582031
a0d6330f48824f4b970e48ab1f0ceda3.jpg,42.55971908569336,12.506121635437012
a0d7d702ab0e41ebb7fff27aced1811f.jpg,51.17668914794922,4.71368932723999
a0efd73d58f44fb19ba2e6eb0e21e4e6.jpg,57.51432800292969,18.26793670654297
a11020c1461a47de9448521fa94f8712.jpg,51.28129577636719,8.269536018371582
a11bcb992b4047e792b0cfed1b9b06b5.jpg,64.69595336914062,21.462217330932617
a136f16dd10243818fe60f8d86bf4003.jpg,53.047489166259766,15.236503601074219
a138e951783d48598df1c973f4a18ffd.jpg,63.972877502441406,27.44003677368164
a1a6ff39c90b43c091a37cc56636fa97.jpg,58.50049591064453,3.4947872161865234
a1a736e36d6e40ad90dd72b1e6813fee.jpg,54.465003967285156,14.371517181396484
a1ad707f334045fda13815534f93c49d.jpg,47.84320068359375,8.093574523925781
a1c7b4c2e48e44c18a205bad866fdcd5.jpg,39.22990036010742,16.47996711730957
a1c7f60d38ab44399df3d329fb4c11ca.jpg,51.85124969482422,15.304129600524902
a1eb55ae45cb4b96a53719a4f5424593.jpg,51.65821075439453,11.850919723510742
a2061f8c69ee48a7b49fe9450498bb92.jpg,40.207481384277344,9.054498672485352
a22e3af53ff347d6a0a863d7f67e2108.jpg,60.540863037109375,18.789905548095703
a23d96df881744728cc3ce9c6b505f45.jpg,49.8994140625,18.678730010986328
a23df2f4464e44bfa3a07c4f5fbc11c1.jpg,45.036956787109375,8.82021713256836
a29ad5ff427f4a9ba96375af296ade63.jpg,46.91363525390625,10.565442085266113
a2e4e0088e3a4dabb39f01164c77fb6e.jpg,46.74015808105469,15.793033599853516
a312dc0c97c04de0b7c87ebbea29a2d3.jpg,59.809165954589844,1.7837409973144531
a322930e30324ef390de92e7d24902e5.jpg,47.71419143676758,9.666483879089355
a358b9c02e3549b780bfea967d20cbde.jpg,48.541587829589844,24.11623764038086
a3751c44fce1418cab410e62904a9152.jpg,54.47863006591797,16.430925369262695
a3d170e27e2f48f091ba9488de5bf8f6.jpg,59.79079055786133,20.55111312866211
a3dfcca2e05e4ad79485e6341065a326.jpg,47.042823791503906,7.875802993774414
a3f4c15095fd4abeb17ef0861f451b61.jpg,42.26308059692383,6.650303840637207
a416a52cee704a2cae732e3e5d01a280.jpg,51.97481918334961,15.1043062210083
a41e9e97ea814bed84fdace880dc53d5.jpg,43.727081298828125,7.671091556549072
a44d615e5bae4ab4b35ecc77c9ca30c3.jpg,58.976890563964844,-15.896520614624023
a4585f9b459340239bfff82788b245e3.jpg,54.02259063720703,6.836450576782227
a4646a88c17c47cba255a10add12c7e3.jpg,46.045166015625,6.6818318367004395
a473ca9b58f94e95925049235c560a58.jpg,48.45926284790039,9.311213493347168
a4a948f3b5da4145924aa6b857bf4e25.jpg,59.12538528442383,19.482460021972656
a4bdc5c72680440a9eb0c322cb48073d.jpg,49.707115173339844,7.669394016265869
a4d55649d85d402a84d7b0f76f05f504.jpg,52.17173385620117,14.427253723144531
a4e3d52cc5ef4f4892fcf487970ba682.jpg,60.96711349487305,-9.862043380737305
a4f220ed07a64970b62634c6ecb12afb.jpg,47.100894927978516,10.096207618713379
a519612f80124172ad79c8ef32874ae4.jpg,59.1473274230957,19.37586212158203
a55099acd4664fe2bd63dcd9390d2b37.jpg,57.436614990234375,17.191822052001953
a5514fdc43ad409ea98286a8298043e9.jpg,44.50088882446289,7.411131381988525
a55ecfa857104d29ad83fa5dd7e86be0.jpg,45.59316635131836,18.17586898803711
a568214595294ec0832e8e54f521db31.jpg,67.11328125,22.720043182373047
a57ed004485e4941bb77f522b776c6b3.jpg,64.73091125488281,25.969100952148438
a599146b14954eb58f680f6c5926fa61.jpg,40.09657287597656,12.771393775939941
a5ecc4f0682642fd97358926905fa535.jpg,53.376712799072266,14.071264266967773
a5efa4c604fc4a32a35860e1f6dd7d14.jpg,51.33467483520508,11.399806022644043
a600c9b09a9e489dbcee98a8d2f94984.jpg,47.69081115722656,7.417316436767578
a6146d1651504143a307f351a21e0973.jpg,55.772823333740234,8.875720977783203
a61d08700aa94349ac5427285fb40eea.jpg,44.5476188659668,11.658434867858887
a6558bd825d44b80918cff73a4de9729.jpg,43.85490417480469,11.914258003234863
a667ceb2e0a647af85f95101562d5e3c.jpg,42.33470153808594,13.626385688781738
a670304ab3984ba8b861c1175d7706bd.jpg,70.75579071044922,25.343246459960938
a71952c0cf014329ad29555692940974.jpg,45.659523010253906,6.680503845214844
a730c1c78e4942088a52bc067d2df57f.jpg,55.143489837646484,6.896487712860107
a75cfc3df9d946c2be2c817a58f9e4b4.jpg,52.15117263793945,15.69666576385498
a76cd6483fbb4a239d102a19ecc1c9ba.jpg,56.33667755126953,9.339173316955566
a7d006996ffe4c1e8fc0516a2637243e.jpg,49.09852981567383,10.851871490478516
a7e237794d0c432eb93989a03544d867.jpg,35.669898986816406,10.849577903747559
a7e602e57e7d410384c485cdc98a218c.jpg,58.082618713378906,11.969640731811523
a7ea3350993943c0b7b8c46c814f9514.jpg,42.608238220214844,10.461323738098145
a7fc6f9a62b24593b81ea27d2b981968.jpg,52.389915466308594,2.7000303268432617
a87e8b583de448f4bdf874e1748f4b8d.jpg,62.77728271484375,22.695510864257812
a881d966d1184852ae8052c810891970.jpg,64.36029052734375,22.679927825927734
a8d5a528a20a416aba58aa85ac2863d3.jpg,49.58184814453125,10.026924133300781
a8ee2a43bc3341feae1fd0714a700979.jpg,53.13985061645508,11.43387508392334
a8f3631ae33945ca8867384c91eeed72.jpg,54.028282165527344,19.866260528564453
a8f6cab1031c47fc8da0bf969f634165.jpg,44.97167205810547,12.57894515991211
a9187fb4a19d45fbbb56737a6914646a.jpg,50.52821350097656,7.681215286254883
a92c2c32e68c4d8798edc0f5b192bcfd.jpg,55.90371322631836,14.966893196105957
a95a0892b52242999ce41acc3467d719.jpg,55.159671783447266,-7.178813934326172
a988367946204e50bad3d426ba175381.jpg,51.46668243408203,28.559541702270508
a993ad713dc64ea2aedd474fe9ac8d48.jpg,53.564239501953125,14.679313659667969
a99519852dab4de58f6338437962ede9.jpg,64.78720092773438,25.15724754333496
a99942dc16ea4599bf9e4cc30029ecc9.jpg,58.477272033691406,19.102764129638672
a99ebb402b3f4b229f3ae57be3e7d00a.jpg,52.75800323486328,13.299028396606445
a9a0175df8774143a095b6445139b6e2.jpg,62.86066436767578,22.270301818847656
a9d2e1abf5814be589d3d71ccaa00ccf.jpg,52.64963150024414,9.914884567260742
a9d41c9697624b95b11ac707c6bac06f.jpg,45.49577331542969,8.898458480834961
a9d62e7a66c24366872bada967ff2657.jpg,47.2989501953125,8.12282657623291
aa2f639a7ee24734b3f2601823557f8b.jpg,47.66401290893555,10.546672821044922
aa3e599f5b5c40358b7c509f5c3e6f9a.jpg,56.86450958251953,22.575437545776367
aa61b7bfbe224572befc5afbaef25b86.jpg,51.46786880493164,8.954310417175293
aa738f4d529343ff8c9fdc0d41dc80d9.jpg,54.78170394897461,15.409329414367676
aa77ed9d1f384d27843105bf3c76e0c0.jpg,53.59214401245117,16.628414154052734
aaad496b70a94ad1929df0a99b0d920f.jpg,53.93283462524414,21.103696823120117
aabfebc834c74c33914eefb33f720f28.jpg,60.65922546386719,-18.330947875976562
aadf42f1fff34667bde273cc9ba33195.jpg,53.07742691040039,10.503190994262695
ab17ed58e3eb438c8b336ebfee674869.jpg,60.70948028564453,23.431142807006836
ab1a02bfba9944c5ae0a797e22356aa0.jpg,46.6689453125,10.150834083557129
ab2336269d294c02ace4ffe5195dbd08.jpg,58.540531158447266,7.438541889190674
ab2584fd46b34b40b346cb3cd5337881.jpg,55.922637939453125,14.880536079406738
ab4d377d71cf4229a0a03765b270b77e.jpg,49.83617401123047,9.865854263305664
ab5e6e5e78544decb1a60dacf98db347.jpg,52.03229904174805,15.543209075927734
ab789cd264a04141bf70ea2f7437f39e.jpg,51.780494689941406,8.505598068237305
abbcbe01958b46fa887f5dacf6d61629.jpg,53.45869064331055,14.93688678741455
ac18fde09ec34b118de1ab9f3feeb480.jpg,50.792171478271484,15.248478889465332
ac23c659dddf4756b2153899f73ff3b3.jpg,57.35671615600586,17.481063842773438
ac4c72fc81614951974505aa0576815b.jpg,52.70653533935547,9.757745742797852
ac5dcc0ae11347d08ae2df403cc34458.jpg,67.23625183105469,26.056461334228516
acb23230ceb64ed2b909b34378b68a34.jpg,60.03756332397461,19.467100143432617
acbf367a027e4041a8ea34afaa88b714.jpg,64.4056167602539,23.86916732788086
ad6c21668eea4c8f97d709c61385f0dc.jpg,63.20356750488281,21.829734802246094
ad7d0e037cec46d78006219c328c958e.jpg,51.24769592285156,7.77614688873291
ad892da0b50a4519a3553cd3171a1391.jpg,52.63137435913086,11.884371757507324
adca7afab5c84fe49ad7e88c488c9004.jpg,47.131103515625,9.333539962768555
ae12e0107aea41689029dd4838ee0119.jpg,54.904361724853516,-0.6187372207641602
ae46b5e9e3224f82b237807a54289382.jpg,47.41797637939453,16.384151458740234
aee183f0b3664ea1aac45560714d3fa2.jpg,46.143062591552734,8.866056442260742
aef64841636045b4a0be4f138b2b2604.jpg,50.36428451538086,11.145320892333984
af2150f4e48145fb8224303e3df3484e.jpg,44.30320358276367,7.714001178741455
af3694501d4842bea6f14602c2d1a2ac.jpg,51.745704650878906,9.142662048339844
af5cf2f4ca2447409f8e56a40480c8d2.jpg,45.50276184082031,7.458931922912598
af6ee45db85a464b81b9610d7a8cc500.jpg,39.70270538330078,7.58745813369751
af745e63fd9b4c3dbd6d2e6064a32cc8.jpg,41.46553039550781,8.35365104675293
af9683a2570d43fbb0f764ae3a668541.jpg,52.928794860839844,7.944119453430176
afbd9939aa9f480d8f0d449cb000509a.jpg,47.80152893066406,-0.733677864074707
afd7f7cc0eea411994dda4f6855728c5.jpg,60.18696212768555,18.652578353881836
aff26a3252664bd3ad49b7b5edb73c26.jpg,50.5527458190918,12.011839866638184
aff795b6ac374cd7b946b382d9da083a.jpg,58.357421875,-12.732793807983398
b02dff4df4534a67bb821c44fa35499b.jpg,55.20692825317383,24.383365631103516
b02fc57619974d5a8e8fcc7953efe779.jpg,57.0473747253418,18.955875396728516
b0ca58f89aa04629ac5f6c0d6958d4dd.jpg,44.71377182006836,10.356443405151367
b0e0ed8e510f4fa8a1d15a9dd9220b36.jpg,51.28620147705078,16.70128059387207
b0ecb965806347be8b06252ec1271d1c.jpg,54.52585220336914,4.816207408905029
b100b662fe9f404689be7865306a464d.jpg,59.17866516113281,3.675105571746826
b10fc3b638b74153ac7225fcc346082f.jpg,46.370967864990234,8.339159965515137
b115bd13c1e94801bc92d4a1418877f1.jpg,64.66704559326172,24.357187271118164
b1290c4a21f747b482cf966880910841.jpg,53.28273010253906,11.723323822021484
b13c8e59e9af445ba0161e1b14e45214.jpg,51.64151382446289,11.22489070892334
b146582776524f6da0b50006ee44ae9b.jpg,51.10908126831055,11.085017204284668
b17886a7150540ff8f8e80282e28c43b.jpg,52.9299430847168,11.365666389465332
b194f6a991874d57b287fd349bcb1c04.jpg,40.38016891479492,10.524052619934082
b1bdb71446b54afdb7ebacea761723d7.jpg,54.18428039550781,2.5233449935913086
b1ea2a4b7458423a969c5758d1c15ff7.jpg,45.382808685302734,16.8903751373291
b1f8a08b27fc4b90be8df0ca2b91d832.jpg,59.963871002197266,-8.283781051635742
b1ffdbfc2ea845d8a198aa9c6b3768c1.jpg,53.614349365234375,12.72208023071289
b20d279ba2f24436a7077d604c2cc6be.jpg,48.046966552734375,11.271498680114746
b213293b795644458fd3d00b50f6c80d.jpg,48.0394401550293,13.347317695617676
b24767353b124fde865fbc668e6d77c5.jpg,50.69073486328125,11.00695514678955
b25c2accfefb4b4cacc707f8d2eb6df5.jpg,51.84330749511719,11.639766693115234
b264260b88d9477987e1d62632de8d06.jpg,47.6437873840332,7.49365234375
b276ccc6ef4043b7a1ffe9207c51acc8.jpg,54.13151168823242,13.08737564086914
b2ce3ce73f42443b813b9cf285d7ab0f.jpg,50.42279052734375,13.342683792114258
b2d4a8e411814eb1ace396b5bc56a958.jpg,51.65383529663086,11.3151273727417
b2d9f07d98314033a5640469473674b0.jpg,65.33550262451172,-8.791288375854492
b2de8763e29d46ff94d3717032cc8cf2.jpg,59.8852424621582,8.37038803100586
b2f9678a090a408e816d278730b7f006.jpg,41.653900146484375,8.623246192932129
b338d7f77fe549d98d13a3b35c527d37.jpg,60.043235778808594,14.619315147399902
b342d78fc75f4e5a9d2a800280bd9b3f.jpg,54.09708023071289,15.59084701538086
b366a48d227d4671b3f10711d5968dee.jpg,60.47349548339844,20.804059982299805
b3e814a81c494ca6aa12225e0dc3fd9a.jpg,56.667449951171875,22.885774612426758
b3f56fb9cf7a429c8f48683ff88d8a12.jpg,60.1776008605957,18.74294662475586
b428f9a1d60f4ffc8c960dffe7234e0e.jpg,57.46235656738281,15.55974006652832
b44d3d4363e941cc8e499b858bc08ab6.jpg,43.13801193237305,12.838288307189941
b458a9478c974e9ab5ccee3e2427eef1.jpg,54.43587112426758,18.128387451171875
b46ff1ae7f46485fa5c8ecfd4246eb9b.jpg,50.264892578125,11.906289100646973
b4736407bf324b54a7d9b83c732a12e4.jpg,63.840335845947266,-19.54292869567871
b4ad04741ae04873a81e0a35d9edd883.jpg,54.33852767944336,13.820672988891602
b4ce46c1623048d9873c5be6a8caa67a.jpg,48.26995086669922,9.673633575439453
b4d25507067c4aaeac4b1a4ff66bff3f.jpg,41.357757568359375,9.664313316345215
b4d852c0143a4da38f6c049abdfa3982.jpg,51.65501403808594,11.95380973815918
b4e4b00a34964e999c459cc2da64f27a.jpg,45.80232620239258,11.230356216430664
b4f34efcc94b46c991884ecfab9f078b.jpg,47.30180740356445,7.684968948364258
b4f41eea868942cda484ae046753fb44.jpg,52.43818283081055,12.4083251953125
b4f62ec1913e41fba8ec4c297ee1d09d.jpg,43.96955108642578,22.436016082763672
b51cf6bac21141c28f9367084de358b3.jpg,56.97981643676758,20.24406623840332
b558e7b29de74c6cb9954adf26b8d733.jpg,50.29279327392578,13.79128646850586
b55f9e6a59da4f2799218603245266fb.jpg,61.3717041015625,-11.35378646850586
b57d45d29d2246b7b844a1fc5e912ff5.jpg,48.550758361816406,9.198244094848633
b5ae095af0fb4abd8a746f623d880e70.jpg,50.4995231628418,10.375275611877441
b5d0722de57d4e249d4cc3c2fa8f47da.jpg,55.498260498046875,12.092552185058594
b5f260800cd64d489b88c1da506b38e0.jpg,60.21003723144531,21.48204803466797
b5f7295901b644689cdf7b3508c1570d.jpg,54.54350662231445,8.725393295288086
b6031f75e9f74c0db49f28519b1e825f.jpg,50.44205093383789,8.35346508026123
b63e09eb8cbf4937ae152ec84a76dbe5.jpg,54.723838806152344,13.657828330993652
b64b41d80671413199033bed6742bae3.jpg,48.82608413696289,8.861973762512207
b64e72a673ac4e45965b4f4218a715af.jpg,55.19607162475586,15.164530754089355
b6fbc5f6f7d74af889be50f9528bc98d.jpg,57.1215934753418,16.361780166625977
b712134b9df54701abb25eb4508808b1.jpg,60.54317855834961,20.68279457092285
b72fd9e0ebc64078b7e33c3d3819c40e.jpg,48.632347106933594,13.27804946899414
b739be3b43524fe999dbeb2560eb4672.jpg,56.053611755371094,16.196378707885742
b7568db344fb402e95c31c6210cafc14.jpg,49.92452621459961,20.73969078063965
b76abbdb334847728087e77f47e5a7e7.jpg,53.86601638793945,0.9098653793334961
b794e55425fb47238cbc5114840e794a.jpg,60.30263137817383,19.889389038085938
b7e081da8cc74b19bfea8e6494eaef84.jpg,53.25796890258789,13.542537689208984
b805cb4fcf3847e481655624bf256e10.jpg,52.815391540527344,17.317609786987305
b805cfd0515a4636a0be5394c327a41a.jpg,47.65076446533203,2.8529481887817383
b818ae74a0ee4c53860723e8ec677f82.jpg,55.50491714477539,13.455889701843262
b856ec4b3b384fb0b67960ff77c9c12b.jpg,61.57143020629883,21.332700729370117
b8643631309a445785e7085e09d3a9c7.jpg,52.90922927856445,-1.8209304809570312
b872f2c358ca49ceaeb0d7637d6cf002.jpg,62.13111877441406,15.694538116455078
b879c471b4bd495bb82a2f7892d02e29.jpg,52.6579475402832,1.1025505065917969
b87e3f3fa4d544d6bd25895490582adf.jpg,48.2174186706543,10.213359832763672
b8ab9051d63e4022b2b16868a10ceb55.jpg,47.94659423828125,8.049686431884766
b8ca7be7e17a4cebb8eaf8cd20e5c705.jpg,53.83489990234375,11.195713996887207
b8d4f52c58594966a87f6b56f82b5758.jpg,53.258689880371094,13.708881378173828
b8d67fc106b844bbb64b464ff0cbbf20.jpg,47.01539611816406,3.1648073196411133
b8e51fe0ce3541a09d5b4b81a4753b7d.jpg,55.01565933227539,20.868885040283203
b90f66ea31c843b3872acaefd04ec24d.jpg,54.88524627685547,18.751482009887695
b920d58b06ac4612a4a99ca503850587.jpg,57.42321014404297,20.66071319580078
b9251259679244eb8e9088949f757852.jpg,64.96519470214844,-14.2291259765625
b9268655fdd3491caa0f47cc78c11c38.jpg,61.76144790649414,21.519023895263672
b92b29bb845648e4a7b21d5710259dcd.jpg,43.96390151977539,8.633878707885742
b97b6ab35d8a48059671713269fbf8cb.jpg,55.38148880004883,8.544921875
b97da68a64f74a419073a1381fb7dadd.jpg,44.77217483520508,10.454395294189453
b9887c5233044d8aa0b1fad65bc4708f.jpg,64.60909271240234,-17.364032745361328
b9b927fbadd64006a6ef2760778ab8cc.jpg,44.729103088378906,8.02389907836914
b9dbcd2997ad441d964daa9cb432369f.jpg,61.640586853027344,20.885074615478516
b9effefcce0546a69916e0d0a164b803.jpg,61.267303466796875,21.651103973388672
ba130678b64543ca9d58b6dee8171be2.jpg,50.029136657714844,10.414379119873047
ba1f66159cf0442c87d34ef5b009594c.jpg,55.67848205566406,16.46700668334961
ba244444cbb94f6a872b61de7627256d.jpg,42.326637268066406,21.461322784423828
ba4f72cde60f4c22854b8633ff23d07f.jpg,61.69239044189453,-9.180173873901367
ba54961e9d1b4710a4c0b63f5eb350e5.jpg,54.13246536254883,21.062145233154297
ba5fd2c0001a47debbf5da43b9e4a6b4.jpg,45.73030090332031,7.421379566192627
ba6d39503f634087a55b9f6723af8b48.jpg,43.4541015625,10.677183151245117
ba98708ed80f4188b0efaeea9d70b7a9.jpg,57.48816680908203,7.610931396484375
bac4d9cdd96240e79a6104cdd4beccd6.jpg,46.466922760009766,10.834474563598633
badd95e4bd494a6e9c5259dd52aa4d13.jpg,43.254150390625,14.723917007446289
bb08ddf87a5444388f07bf908c01512b.jpg,54.14761734008789,1.763345718383789
bb584c782ed04d6f99800732838b0ea3.jpg,51.070106506347656,8.602739334106445
bb5c2084528d45efb3e4418363ba7f44.jpg,48.88885498046875,7.792116165161133
bb697597fe884d328b76f1a0b66131b0.jpg,55.434173583984375,19.103626251220703
bb70e8f36e3b4b128790c2b1525de2bb.jpg,49.947608947753906,5.968059539794922
bbae1c411f20475ea631df28a2f98366.jpg,54.464500427246094,22.131248474121094
bbb9a970518f42d38a4798ac9cf6ee64.jpg,59.72407531738281,-6.525165557861328
bbee3449040b41ac836d20ab89480462.jpg,56.06418228149414,21.86544418334961
bbfdbc4e64cf41ff8e10103b9f03af96.jpg,56.450714111328125,-8.593185424804688
bc5e7040176342e092fd9f3a68143deb.jpg,53.3775749206543,13.896883010864258
bc7aa93e5dde4793aeb4480036765349.jpg,58.659847259521484,17.95723533630371
bc8729bd9c77416791c4b50bf1449516.jpg,62.23374938964844,18.814159393310547
bd622086d79f4ea9914e809045b7dce8.jpg,66.51913452148438,-17.22496795654297
bd72d55f183e46c48532279fa944db05.jpg,50.85112380981445,19.759754180908203
bd808793081d4d9e83ead7091eb044ef.jpg,63.377403259277344,17.097688674926758
bd8bdc7e2c1f4780bbf1dad35b571e47.jpg,55.21634292602539,11.35108470916748
bd8f2a127a974a0d96b0456c3489c73a.jpg,52.59212875366211,12.92853832244873
bdb26d0e4272403bb2c5bc2cb73d4c36.jpg,61.474403381347656,-10.324098587036133
bdc142f9377b4fea8a40591b754f9b5d.jpg,50.66228103637695,8.716364860534668
bdea84f72a5143d9b51f6292c515f2d9.jpg,62.2933349609375,-12.544256210327148
bded5e8fe0ad4058a72de1cd5b7d849b.jpg,49.85377502441406,17.450868606567383
bdf9dc8b89684928888deb834fa1ce28.jpg,55.179161071777344,17.4958553314209
be1be448897847baaf1dff7e9dfad65b.jpg,61.502838134765625,23.144821166992188
be22d4609ec24b0e857fa101e678de63.jpg,50.24382781982422,9.849254608154297
be604337ce8040e9b784774798efb88b.jpg,42.81316375732422,11.520299911499023
be62c15df4d34d28ab3196363d248866.jpg,46.22629165649414,7.873015880584717
be6c887dfb7b448283297ec51e0b644c.jpg,47.80065155029297,9.47280216217041
be7a8386592b411aaef552bf587c651c.jpg,53.34955978393555,10.622509002685547
be850fd5dc2743f3838eed8fa90a5797.jpg,50.90360641479492,3.352682590484619
be870c8b66d5491d9fc476aaab7d5d82.jpg,56.99007034301758,21.045001983642578
be9ec0560c34492ea4eb8d51aa319990.jpg,38.36562728881836,8.8919095993042
bec50e38fe5b4304b48d9a4e98af12c7.jpg,57.297454833984375,16.912845611572266
becd939f8964479ba6e143131e624605.jpg,42.60416793823242,9.647189140319824
bf060920253a401a8f521aabf31ebd1a.jpg,52.62666702270508,13.547836303710938
bf3be6e309284860a96f683ffdb71a69.jpg,47.392879486083984,9.825065612792969
bf560ddd6e674d7c9f7b947aab3b54da.jpg,47.58136749267578,0.2572469711303711
bf78f50fb4a64f6fa3b560e3abed7f33.jpg,47.90349578857422,5.312001705169678
bf7df99ce6e04bf0871115b98694a9f2.jpg,60.40787887573242,18.44327735900879
bf848983faec413fa51192aac004003e.jpg,53.86161804199219,13.84389591217041
bf89b99bff044ccfacfca33fb9fa3487.jpg,66.03910064697266,26.392303466796875
bf99007a862046eaad9f5a4cd1869c8d.jpg,43.82074737548828,14.958335876464844
bffac6a720974790b052aa3a8e807283.jpg,50.55751037597656,10.930624961853027
c02dc43f82e349db87102f904e6cd411.jpg,49.10618591308594,13.643983840942383
c05be9b884994fbda69b94cde6b758a2.jpg,64.27041625976562,28.202938079833984
c05ef733bf014c1289b781b68d435035.jpg,66.64804077148438,23.89260482788086
c0928075c386492dac2a2f9f6a58ce93.jpg,48.58778762817383,12.716838836669922
c09ef0b47f934d8b86acc954e484184b.jpg,49.23204040527344,23.38028335571289
c0dd1f2f9c5d42e0ba1845a0f1b39536.jpg,60.214500427246094,-11.932493209838867
c0deda643fcf4187810a79b5ed969bc6.jpg,54.972129821777344,14.382650375366211
c0e1ccf199444c73a6e47abf924a5efd.jpg,58.155052185058594,-0.07720184326171875
c0e3afc0f329472aba27d8940d3af9ba.jpg,70.626220703125,-27.36878776550293
c0e798c4405e4f6da17b322ceaa1197f.jpg,52.80610275268555,15.274226188659668
c0ecd84e37bd45ec93184a6313bab6c9.jpg,45.91583251953125,10.502396583557129
c0f378bd79124a1a92ef83e8b16c2408.jpg,52.587738037109375,13.194981575012207
c11921bf78444085a6ef18a4172c0952.jpg,59.804710388183594,21.228853225708008
c126eeddeffc4795a07448bbce943588.jpg,56.0452995300293,17.30459976196289
c1456e327e374a78991f3292e75d12d7.jpg,57.79484558105469,15.646406173706055
c1584feb0d6f42bdba9fdd6107bae011.jpg,48.3546028137207,15.618202209472656
c16a7828c50344f9af06e767b755eeef.jpg,53.74267578125,14.272439956665039
c18a6c5a8a594ead98bce3be8eb06873.jpg,52.260597229003906,11.754090309143066
c1958ed9d9854b548ab7fcb7e05d5c79.jpg,46.3132209777832,8.939738273620605
c1a785be197047bca8af82a54c6b12b8.jpg,45.15484619140625,7.472089767456055
c1b3b5955a534fe080327c7bd8879032.jpg,51.8838005065918,11.923140525817871
c1bdde92d294403e8405757569ebdf55.jpg,59.646148681640625,-9.032058715820312
c1db58834f944dcd8376fd37b4595ec2.jpg,48.531959533691406,4.6916022300720215
c1ec190eee5443bc8c94de772d160a58.jpg,54.28155517578125,17.335119247436523
c20cd81802614c6da8cd444c822a47dc.jpg,43.67787170410156,8.336392402648926
c20f4189bb3d4bb0960c8a060cef0118.jpg,67.47914123535156,26.495834350585938
c218913eccef4d93bf1f17c5b7fde013.jpg,53.4052734375,13.615628242492676
c24dbb5233fc42648e2770d573b2d3c6.jpg,50.061973571777344,12.455443382263184
c25619dc215b4f2d94376ad737e98233.jpg,49.470985412597656,0.20946025848388672
c26ff90cc537439786da5892cad8b029.jpg,51.89674758911133,11.085747718811035
c2a84c9c9d2541d39a1d5bddbf40aa48.jpg,48.177268981933594,5.0225090980529785
c2b5aef45893493399205f2f69a02074.jpg,50.264915466308594,9.803571701049805
c2cb89ac4aec44409d316db1140c9b93.jpg,61.68849563598633,12.526978492736816
c2e01d72333f458585ec0b7f6e67a73a.jpg,56.854400634765625,5.239732265472412
c2e5473c12364d828ec4e8dde7251e4e.jpg,49.986331939697266,15.260836601257324
c2e7f46f3eb845daadd8dbeb631a12d7.jpg,55.601539611816406,7.014937400817871
c30ae75531454a84b726dae65be59877.jpg,47.408504486083984,12.699177742004395
c31f75d5de214183b6d6915bcbccb039.jpg,58.07925796508789,22.48162078857422
c321fd6b91214eb0a70a0a88d1d0223e.jpg,73.99964141845703,-27.13706398010254
c3749894984c473f8a46927ed409102a.jpg,63.07347869873047,20.176010131835938
c3aefa539e07469497c425e2d86d4c37.jpg,55.35297393798828,4.433603286743164
c3f3dd807fc742348bebd135c09b52ae.jpg,60.744300842285156,-7.789274215698242
c3f7458339b346e28adf084e8bf1135c.jpg,54.07744598388672,12.346001625061035
c40330efe204462da3896a72e49d59ce.jpg,43.67523956298828,9.156580924987793
c4445ff1f9d243b98adbfcc724a10bd3.jpg,55.97145080566406,16.736923217773438
c44e522387b843989e6f84088f2cb263.jpg,53.053340911865234,11.049189567565918
c45390cb5f0b42c1a7dcfaa2aa34d2bc.jpg,42.48597717285156,7.731621742248535
c459a3eaaa904a07b26403b32bc53f90.jpg,43.200931549072266,12.708586692810059
c45ac30e9c61464d8ffeb81e65fa7b70.jpg,49.91181945800781,12.693069458007812
c4805a924bac4358b35e1fe7061f29f1.jpg,62.87705993652344,21.191755294799805
c51577bad4d34d41838c937f11b35650.jpg,55.01739501953125,7.436145782470703
c5268285a95a41acb7bf134ba68322a3.jpg,60.470516204833984,20.692218780517578
c5362a6e8870468bb8ac743bea2a783e.jpg,53.59572219848633,13.34584903717041
c5399edadeed460398fe2579e7ea8d23.jpg,48.24681854248047,9.632604598999023
c562ff84a6ce49a5b3ee20acae6aef1c.jpg,53.65599060058594,13.292862892150879
c56d4d958a6246f9a085f75ed9f90b73.jpg,40.526981353759766,11.4195556640625
c59f724b43f1407ab54bc1e0d161fe24.jpg,53.70604705810547,-4.013410568237305
c5db59d04ffb4eb4a53d560f46442777.jpg,42.39238357543945,12.393260955810547
c5e0a5d022544b069fd3aaa7ebc3318a.jpg,55.845115661621094,14.407537460327148
c5f22384aba5407a8c5481531bd1ac17.jpg,54.696006774902344,14.985921859741211
c5f52f3790e14e389105b331f50653f2.jpg,49.53926086425781,11.437088012695312
c6210641f2f24eb6869d16125872f6b1.jpg,58.63718795776367,16.91948699951172
c62bc5c0f36b49408ab8e7a127aafe82.jpg,54.4028434753418,9.977191925048828
c63874e5363a4b73a9f9d0244cb61874.jpg,46.32340621948242,9.44434928894043
c646e8f46b78423589363f7c86a2e425.jpg,51.88864517211914,16.455263137817383
c65757b1cd1e41cd919992bd64c326ce.jpg,51.59545135498047,9.938070297241211
c66f342eba9648c0af0dbcc33caba14c.jpg,51.41211700439453,19.35674285888672
c684ae27ff3e4a218ca403fb513c3f0a.jpg,55.08692169189453,15.494991302490234
c68e77681d244075a195ecba338138e8.jpg,57.33156967163086,-7.067024230957031
c693dc7271f349b98b56cb1ec229530b.jpg,51.57514190673828,15.115816116333008
c6a62c08abe64ca3bf809f4a177c33c2.jpg,51.94110107421875,10.957276344299316
c6b03dcc37344d43abbc95df43d59eaa.jpg,52.01314163208008,10.2633056640625
c6d93f5be3a943c1bd4a0bc4fc26e150.jpg,57.52433776855469,17.18453598022461
c6e26335ccaf415eb35e585dca5257ed.jpg,52.14848709106445,12.261137008666992
c7023c598f6d49f2bffe28e1d5182bd1.jpg,51.08811950683594,11.278082847595215
c722999c3b9646e68e387c26a41e7783.jpg,54.65032196044922,15.93548583984375
c7364dcf1f92448f849ff6f96cb3c3be.jpg,52.187416076660156,12.27029037475586
c7607f340ee2478bbde22aa58819cfc6.jpg,50.26816940307617,0.9870901107788086
c7c03c01c3ae4fae9afc8d7ee6513575.jpg,65.62274169921875,-15.326728820800781
c7ee8da33d3e47da990106b3636a7979.jpg,44.8892936706543,8.141096115112305
c7fb4752a51b409da76e6d571be5daad.jpg,59.440555572509766,18.088085174560547
c7fb7f496039466db1a0c6bed66e6dfd.jpg,64.44895935058594,26.37253189086914
c81953942c814f25944da805d0001e37.jpg,51.14175033569336,6.283053874969482
c83b95ccd7da4303a8a0b960304d1176.jpg,55.82353973388672,17.208126068115234
c85abc33b90840e08d17a6283ff7b657.jpg,47.57035827636719,12.689510345458984
c86f50b6b3d14d1791d937a574d8cde6.jpg,56.59406280517578,17.41434097290039
c886d1d0d0f241a6b601d50f1e951e06.jpg,47.947265625,19.892410278320312
c8951fc0415b420aa2678d3cab59c87f.jpg,45.67120361328125,16.97755241394043
c8a6a342c82b465c9759f4752661346c.jpg,63.07008361816406,18.97681427001953
c8be011a49d040d8ab4c57e16d2d9cd5.jpg,50.554420471191406,13.790243148803711
c8c15231f04a4a1bad6fc99c98fe0479.jpg,60.85874938964844,-21.062597274780273
c8ceeee2790a487695baf42d90be4be8.jpg,67.5655288696289,25.65703582763672
c8eb7bae9d8e4aa48c2138b7f3bda076.jpg,50.1492919921875,2.71480655670166
c94656d771c444158dd7842b405790f5.jpg,59.62467956542969,22.588829040527344
c96876f0d2154d7688097aa2b1eb93b0.jpg,54.54286575317383,11.763248443603516
c97d9383b48d4c3a823f431eb665e661.jpg,46.26482009887695,15.295540809631348
c9b030b59541402a8cf1e5c4f8cd6038.jpg,61.96421813964844,12.652267456054688
c9b14c2492cb46ada14cd3ea6f84a498.jpg,57.380943298339844,18.342056274414062
c9cc9ea5a8834347b7d006c882132377.jpg,63.53997802734375,18.450834274291992
ca1eab62bfdb446e8213f8ba7cd38fee.jpg,54.58677673339844,14.363014221191406
ca2319c67ad94b269e3affd46374ee9b.jpg,51.79307174682617,11.695491790771484
ca2c9239edc34eae8e9225b26c3feffb.jpg,57.54450225830078,0.6359262466430664
ca38314146714b2bbc2303f35f01327a.jpg,56.19268035888672,15.043872833251953
ca406fd3807a4b7b957d92a365dba73c.jpg,51.02610778808594,-3.9365997314453125
ca40edf8c8aa426195524b65562001db.jpg,67.62711334228516,21.181961059570312
ca4424283363427b9edbaec6211c541d.jpg,44.52505111694336,8.381890296936035
ca85d8e35fb649889aec6c79b906b878.jpg,57.96864700317383,-14.882392883300781
cadd3d7a221e41a8a9d5ab3d58c93ae4.jpg,43.522605895996094,12.391881942749023
cae3b96d6c5d4b3c91cc21133e576417.jpg,66.93653869628906,-25.924997329711914
caf0dd0feb07444496e3b88f5dbd3ab2.jpg,48.21726989746094,9.863931655883789
cb34f6f93db8452aa433aa5d1bfdfac6.jpg,56.11220169067383,16.16533851623535
cb7740e013dd47f1b7b31f1705d2556b.jpg,46.12260437011719,11.69139575958252
cb7c8198fcce49219cb7819eff665866.jpg,42.935585021972656,10.527438163757324
cb82289426714d008d8170bdcec73f9f.jpg,62.83848190307617,23.106258392333984
cb9969637bf347c5a3b75a95fe273b96.jpg,60.75505065917969,15.463308334350586
cba0a4a660f6498393ba0c2dcc9ba6de.jpg,64.96755981445312,21.750228881835938
cbdf5c74100845f38bed5256268eb4d0.jpg,63.12689208984375,20.648698806762695
cbf6695ac3e1453fa7a63516539129f6.jpg,63.626976013183594,19.812278747558594
cbffced5a76c4b0299039c4ce87cee7e.jpg,52.534061431884766,10.891345024108887
cc5c0005761f4c64b4a549e76174f5ca.jpg,57.11137771606445,11.890811920166016
cc644ee7b5104261968bcbd4106914b2.jpg,53.484500885009766,10.84197998046875
cc67af16b9964b3383b374460dc0bf39.jpg,46.19866943359375,4.680846691131592
cc96282f0de34d149057049763bad088.jpg,57.90956115722656,19.027029037475586
ccca4ee84c4e4f279a83cefd06d5e15b.jpg,46.70233154296875,11.425304412841797
ccca7cabce9b4ede931a76ab180fefa8.jpg,53.28413009643555,13.1429443359375
ccdf3e72437f42cf8f5b750ee09c33be.jpg,54.83533477783203,15.464707374572754
cd1318b7f7dc4bba9d4895161a950dba.jpg,52.77956771850586,16.19259262084961
cd2d7f4a70214855b2d7831143dbb65f.jpg,53.20667266845703,15.014203071594238
cd49c9c772494f2a8fd3f3c04490ac4e.jpg,49.430824279785156,8.886652946472168
cd4f69d6d06548218bc7d5f501ffd6a2.jpg,54.538082122802734,14.922727584838867
cd52c60e97604e479e5b0eb8d4f55459.jpg,51.8194694519043,10.560144424438477
cd686ef388d24563a83b72e1cbb79e1b.jpg,62.35940170288086,21.87276840209961
cd747c17e7ac443283fce19880db5d8a.jpg,51.66604232788086,9.297895431518555
cd7ce9fd3e8f4dc788dd1265ad272525.jpg,51.24368667602539,10.455492973327637
cd88ff8ddf73486290f1789966ab96fb.jpg,60.151973724365234,21.744441986083984
cd8ab7b7460f460ab9666f4202cacbb7.jpg,52.48295974731445,18.113401412963867
cdafdb52393e4a56a200aa113f2e6f10.jpg,49.9624137878418,7.902535438537598
cdf61c3ab975412ca58663fdc9444425.jpg,40.650245666503906,14.813253402709961
ce8624a8a00a4699a1891a21f4cb8019.jpg,53.65914535522461,12.346680641174316
ce9d3412fbc9496eab5120920ce0b306.jpg,46.73390197753906,14.946216583251953
ced131e6a3ca41e9b3e7976f2ddc6b15.jpg,54.02528762817383,13.054125785827637
cee5ad2b55604372a61ecaf26759e187.jpg,46.72500228881836,4.517151355743408
cf0a07e61f4d4bad80e45a36f83be7ac.jpg,60.35493469238281,21.2158203125
cf1f33b48e5542f0ab590dadafcf6121.jpg,46.79787826538086,8.62877368927002
cf6d9d1b801048779558f1afff5f6b18.jpg,41.435306549072266,5.107734680175781
cf702599a88843a6a523747ea1a2501d.jpg,51.17901611328125,18.7304744720459
cf92259142bc46f8a73cf905d63d868d.jpg,51.511444091796875,11.181585311889648
cf9b0829461a4749aebe60ba1670a7d0.jpg,50.61827087402344,10.363068580627441
cff54e7ec4254a3480331fc73678cefd.jpg,60.73717498779297,-9.934358596801758
d018267b1f504e979ce9d2afd5b30e98.jpg,40.06060028076172,9.080339431762695
d01a989ad619479a9295c77ecd2b258c.jpg,51.185218811035156,10.892359733581543
d03ed9db1f0f4681b995180a4376d642.jpg,56.81379318237305,12.678670883178711
d07c936c6bb14c798b6c45bc0b45fdc4.jpg,53.32429504394531,18.4695987701416
d08459f74736458284d1c47f67f190dd.jpg,46.001220703125,9.048294067382812
d0892a1f80b54b7fa3baca242f1d2894.jpg,55.1179313659668,-6.790040969848633
d093248b09294b1a80d162af5eaf9df7.jpg,60.71177673339844,19.41480255126953
d0a6c5b2d05a4ec09fbf0f6cde0f8c4c.jpg,56.618247985839844,18.08317756652832
d0a8edb20fb04c6b8c2af5d810af3a6d.jpg,44.04538345336914,14.327892303466797
d0c358444dc34d7aa37784c58f7d6999.jpg,58.614681243896484,18.736156463623047
d0d341627ca847f7b9214f6798d206f6.jpg,42.664913177490234,13.925699234008789
d11bfa826eb94e9ca4513fe8312cf249.jpg,45.894474029541016,10.590520858764648
d12513e26eba4dd6a0be69cf1b5e18eb.jpg,51.932987213134766,2.3063669204711914
d1431bce51f046d6b7b7192a5ff46148.jpg,52.64814376831055,10.470526695251465
d15758c267584d82a198f0009d52aa6c.jpg,59.53376007080078,-6.038078308105469
d16b4d771d2d44c3a3ff9a005d4464cb.jpg,43.350868225097656,12.26633071899414
d1945d1bb8774f7faf60ff4c375189d6.jpg,58.43490982055664,-12.879289627075195
d1accd26722941b99cca3047078ad6e1.jpg,51.13286209106445,7.907110691070557
d1af02d0007d41cea0bc7f444592a050.jpg,62.429840087890625,21.28156280517578
d1fcadb6c9af464092f87f39c18aa3c5.jpg,51.2750244140625,11.093198776245117
d20b3dcca64240bbbc208f541f7c07b0.jpg,52.34609603881836,23.24791717529297
d27d8404a0b143beaea33dc57a876e90.jpg,54.668033599853516,11.548068046569824
d2a93dc2e5304bf1a5e3c140d0ac344f.jpg,53.31063461303711,15.855091094970703
d2e082e5b0a047bab7920aa943ed5e4d.jpg,62.57349395751953,24.096435546875
d2e0fc48777f46b5946b1bff3977d854.jpg,44.38116455078125,20.4111385345459
d306826a432d4877ae443a89877079db.jpg,46.53221893310547,6.504685401916504
d33d287c838e4ebdbe50da4b87e24378.jpg,51.003299713134766,27.767438888549805
d3511915822647d3abb630f4e809b7cc.jpg,55.944061279296875,16.543373107910156
d358467ae11c4e18a176c9fc81923ff2.jpg,51.19618606567383,14.839153289794922
d35d902b9d94454085ad28bd646d9d61.jpg,51.31841278076172,8.783166885375977
d38906e8987a49e0bae493f36791eba7.jpg,43.07708740234375,10.772863388061523
d38be92a66ed46ae8d51df15ca3b9d6e.jpg,54.09078598022461,14.835187911987305
d39a67446b5347c5a37e6160126dda01.jpg,44.1723747253418,17.479507446289062
d3a83ee03bcb40dcbb20e4562067539e.jpg,59.70045852661133,20.675127029418945
d3b9bcdf463b4371aa02a152312d2ac9.jpg,44.39478302001953,15.867478370666504
d3ee085ae3c34626ab6980803dd0e101.jpg,52.75284957885742,12.790480613708496
d3f380c5945c4060bd806e3ff52f63b1.jpg,49.08879470825195,10.128594398498535
d3fa1ab061994e26ad730f5b90b70a9d.jpg,48.89823532104492,9.565690994262695
d4074f3708454d73b8eafbb6365ad6c8.jpg,51.765533447265625,13.779199600219727
d40ae9fcfdf04538a03f6024fd34de0a.jpg,58.00737762451172,19.024383544921875
d41c87b51f194aecbcd9ecd2a16d163a.jpg,52.0998420715332,10.135826110839844
d420098589ec4cbba3c383f033bec51b.jpg,41.84735107421875,13.078868865966797
d433c7a9cbb144b782acffcb0df4b396.jpg,53.182037353515625,17.249073028564453
d435b88bc1d84d989a8cff36e6eeccce.jpg,47.03899383544922,12.750741004943848
d44bd281a0804bb1b043cd3f81c75e11.jpg,59.75309753417969,18.23755645751953
d44ebd126f284964a20da6b1ba377530.jpg,53.49491500854492,-3.7112836837768555
d47258ba0ab44fb6ad3bf0f4cd58a086.jpg,61.883113861083984,-11.542831420898438
d478d92dc0da42e9bae007e8f4354eef.jpg,55.24648666381836,10.301826477050781
d4c09cf5b2be46f28c5f56d557aa455f.jpg,60.802223205566406,20.839794158935547
d4fcad54cf734387b77c12dd936c3b4e.jpg,39.506370544433594,4.7197418212890625
d5166d57a1db451c9a841940d7a17623.jpg,50.34241485595703,-1.8677005767822266
d548ff4d98124beeacacb79eaefa86fc.jpg,53.80588912963867,14.358250617980957
d5586a5e4805465081f874e819703f99.jpg,44.226619720458984,9.823711395263672
d57dc31068e54de4a613b59073433a5e.jpg,46.69704818725586,10.735797882080078
d5839cc22ba447dea1fd28b5ff12908e.jpg,47.17002868652344,11.128586769104004
d58de3af9da249b8b2933763ccfed48d.jpg,56.028751373291016,18.571956634521484
d5c80bc986b54ecb99a901c08ed50662.jpg,63.793209075927734,-13.856149673461914
d605d54f5d924c7ea9370fd3fccbd344.jpg,52.67537307739258,9.54996109008789
d6a898c1ce3045479c51bee618e600b8.jpg,58.3889045715332,13.990089416503906
d6bbf93400164c8991173d4b0735d56c.jpg,48.897701263427734,10.223039627075195
d6cffba82a3d45cea69be4f6cd9d02d8.jpg,55.03260040283203,15.162580490112305
d6d7a61d88064e25b2b05363daa5fff5.jpg,54.59197235107422,8.653959274291992
d6f87287c6f34291bbfc42c40f979824.jpg,56.75587463378906,14.156770706176758
d70c2c8d92534ef6990352fc8a3f1150.jpg,43.64904022216797,7.707971572875977
d71006de5a5849288d06565eefac2622.jpg,49.80921173095703,8.942960739135742
d76453be7a73474d8e145c6f5a3954db.jpg,51.45582580566406,3.4665770530700684
d76bf286bd9340458cb11929b5643bb4.jpg,53.3302116394043,16.82971954345703
d78af259b3c1414b90b911cd38940be4.jpg,51.605560302734375,4.196221828460693
d79fba6525b64e9f8b1ad724af057232.jpg,50.91197204589844,4.213425636291504
d7d12570746f4db29c59f2e441000822.jpg,54.09481430053711,15.21390151977539
d7e31ebc8aa74898ad093471cafa6661.jpg,60.21811294555664,20.019210815429688
d7f36c9085d940c4b1f5f9cf7eb331cb.jpg,58.52581787109375,25.65477180480957
d8102566b0d14b5e95b3b2687152aa97.jpg,64.03861236572266,-14.404247283935547
d83597cb5de5461dbc9807d3b1b09bee.jpg,67.40843200683594,26.315349578857422
d8488fd3668441d8a8cf4604957156a1.jpg,60.041221618652344,22.04266929626465
d852df00d3b64d1c87a721a471c14fd0.jpg,55.024967193603516,14.825671195983887
d85e768be9af44dca063c5b7c40f93df.jpg,51.469703674316406,12.653538703918457
d88e23f5ec04484185483b240edbd8a4.jpg,46.355567932128906,17.176118850708008
d8b7339ee2914f4cb704ade7b55fd1f5.jpg,56.8262825012207,-2.129009246826172
d8b9260c9e6d47aaa45c9c4db373d542.jpg,53.6219482421875,19.776287078857422
d8d57bff16b84fb09294b9ff82138900.jpg,52.37638473510742,13.336228370666504
d8e7141a0b58414689d67c3192e066a1.jpg,55.69115447998047,13.735081672668457
d91e0b6468414e24957ef50c244d4c77.jpg,52.90373229980469,8.927618980407715
d9339ef33cf04a5083105cec7b1ec776.jpg,35.474205017089844,12.021219253540039
d94aca8b07fd4c3f9638330ed7007bed.jpg,60.46891403198242,12.93563461303711
d96cdc232c2d4e2da2575276b96fd11b.jpg,51.4824104309082,13.83444881439209
d97dccc7d2c441dab388ed3769def050.jpg,55.22126388549805,20.379974365234375
d9871ad406d04000a074afe6a8cbaadc.jpg,63.57597732543945,7.608296871185303
d9c3e2ad0ccc49c4a70030b67daaba13.jpg,61.66822814941406,-14.62032699584961
d9c7ffdf980c4a4083366b55d8133ee3.jpg,58.27128219604492,18.204586029052734
d9d8d162595d4d30bf25d673fede28ab.jpg,60.304283142089844,5.596000671386719
d9eb490127d842099f65a6101c14d2a9.jpg,54.31521224975586,14.36174201965332
da11a69e9832479cb285af2879c866e6.jpg,53.0546989440918,22.30196762084961
da132e580e434d40997ea221a7523a2b.jpg,59.815895080566406,19.864925384521484
da14d8a6a50b406e9ba27a6b8bd486f9.jpg,54.35659408569336,20.406112670898438
da39330ed34e48029668fb187d1a54dc.jpg,59.95770263671875,10.084065437316895
da8da950e250484ab8086a6a8a2fbd48.jpg,53.00857925415039,9.37429428100586
da910ee43f644f2a9c6be55a65a7a72e.jpg,52.047611236572266,2.178750991821289
dac2cf7e64ee46c2b6daad5d6171285d.jpg,43.4560661315918,19.46125602722168
daf33107b977415ab0446dabea844873.jpg,51.46405029296875,14.313141822814941
daf8feeb327e45b7b979d41cff8b9b4b.jpg,54.12812042236328,4.983631134033203
db0bf2bf19b34aada4982a713479548d.jpg,53.078922271728516,13.561836242675781
db74132e0f7142839e0033347c281b7d.jpg,63.05876541137695,24.038143157958984
db8d5c29f5024649815f18c92b0c3bab.jpg,55.84530258178711,2.203192710876465
dbd30ed95c21455d8f6b65d2078d95a9.jpg,41.2669677734375,12.677481651306152
dbd90907ccfe422895338ff8480d6585.jpg,57.81632995605469,10.05530071258545
dc2b43447152485f85420435eaa6f2ec.jpg,54.433963775634766,11.332124710083008
dc6f451dece04046bdd27ec8582105f0.jpg,59.14772033691406,19.26032257080078
dc7431a3f76a47dfa391c87515cbc57d.jpg,58.616943359375,17.51988983154297
dc8b912eba634509859a894eca1d67f6.jpg,47.39707565307617,8.514719009399414
dc908d592091446389e1a8bfe9fa298e.jpg,42.31265640258789,16.44428062438965
dc9c9ce4375a4b26b2ce6bf1959614a1.jpg,51.6565055847168,11.150558471679688
dca5f8b0d6ca48c5bf7db7ef9f1d27ff.jpg,61.285587310791016,23.989055633544922
dca6545a5c45408798383b78884a3da5.jpg,48.603363037109375,7.499127388000488
dca8ee5a9b0a4aa1be755195d1aae999.jpg,44.31082534790039,13.210474014282227
dcc4cc59e69d44058c610ce68a9781b9.jpg,64.28958892822266,-16.206640243530273
dcc673ee2bde42889e6a892f2dbb55da.jpg,57.095436096191406,14.141451835632324
dcddb9257f684d5a94d349d8aa189e9f.jpg,62.89193344116211,22.783546447753906
dcef4a460deb4dcbbafa999babb108ee.jpg,61.97803497314453,17.67483901977539
dcf13657de12456f9ac7cd2d1ce6c863.jpg,58.737125396728516,20.75718116760254
dcffcd6088104875ad7913f6c18d278f.jpg,60.95876693725586,20.648910522460938
dd08f6f66cf048f98edf7a82ddb3883a.jpg,52.68947982788086,12.221606254577637
dd2b191da63f4bf88940906b14a408e4.jpg,51.02926254272461,10.451395988464355
dd432115499e4502b7cc7fcfc0e5e7d3.jpg,46.90481948852539,7.125430107116699
dd45aea8f861401c8471a23ab9475465.jpg,55.894344329833984,18.74361228942871
dd566f9717e74b6a96fc72e59bb51989.jpg,47.04676055908203,9.734460830688477
dd6ae6933acd4875aa32519132b30838.jpg,59.84953308105469,20.654926300048828
dd6ae920993d42448c228ad90508fe8d.jpg,56.67671585083008,18.821365356445312
dd6b2e82e3fb42e2bc1a5a81a96c4da6.jpg,49.43913650512695,16.957599639892578
dd7e8846420f42fa94b5dff9d7cec49d.jpg,57.66604232788086,16.54303550720215
dd8047f533d549f8bc5e2dce8500bf97.jpg,58.21086883544922,8.630940437316895
dd8a51a56fd649acb8ab271912702f5d.jpg,52.84669494628906,17.20050811767578
dd96d46a78804ae5872e9d451bfc3c8f.jpg,52.09187316894531,13.444063186645508
ddd5ea930b3c496b81e12fa4ab1892e8.jpg,62.16350555419922,21.420692443847656
dde0c97aeae04ee6a6e33021e245bd00.jpg,54.018802642822266,13.1279296875
de0f9e8c7daf48338c1da7b4c764eea5.jpg,46.776222229003906,7.566584587097168
de10b87eb82f4ad7bccaa6e50a85bd83.jpg,52.04359436035156,21.394723892211914
de38b80ff7c44b1cae726aa7c27b3946.jpg,56.7011833190918,18.730880737304688
de42a69a75974dd498da85fae5fbcce6.jpg,54.23350524902344,17.18391990661621
de55312706054321a1f7d36d7375823f.jpg,53.764408111572266,4.201182842254639
de64fea3de6f447d978f87cba997d7b9.jpg,44.72906494140625,4.641721248626709
de935932883e4295b8692e70377ab997.jpg,44.73582458496094,8.109210968017578
deb6704e5d3749b3a3a86fcaf03bd857.jpg,60.352088928222656,16.83841323852539
debc13b4c7f0459c91a1ef734517592a.jpg,53.886138916015625,17.434925079345703
dee415bf35ed451d877530c8bf11baaf.jpg,45.70000457763672,7.919740676879883
def79cd3adcb4045917a0415edfcb2fc.jpg,53.49385070800781,11.293407440185547
df0d3d822fe0475fb944620c8cc0e3ee.jpg,42.87468719482422,5.740970611572266
df1224fad3b7437a9c2684270be920e1.jpg,56.90796661376953,15.260750770568848
df42435cf9db4edfa091794ed427aea3.jpg,63.852577209472656,-0.22597312927246094
df577a7d7f284d43a4cf09383fc35d73.jpg,58.464073181152344,18.856304168701172
df6842b117254fa886d594929f8489a5.jpg,50.250850677490234,9.079451560974121
df686989fd374e2983915912a2d50d1e.jpg,55.562103271484375,3.5423994064331055
df7ec06bb312494a9e7f2dc8ba4c42ee.jpg,64.58028411865234,-9.058038711547852
df9265591dbf455bb5e3db6bd6d3e4e0.jpg,52.69004440307617,11.679380416870117
df97d0d68d7e41e7812d261408a4f8be.jpg,58.245765686035156,18.139236450195312
df9de67cb9ef41ebbc40c32f242bc831.jpg,44.67149353027344,10.377379417419434
dfe4392d6de34b8790f3d5c9ec879114.jpg,63.010040283203125,21.88064193725586
dfeef046ff594296b7d68bdd8dfaf929.jpg,52.1738166809082,12.027227401733398
dfefa31c0cc14bedb614ee374e164e1c.jpg,41.880470275878906,4.8751726150512695
e009711e0917448da1a89f0ab9e8f836.jpg,55.92890930175781,17.703720092773438
e03bab35e2384cbd8cb24428c7146cbb.jpg,46.723140716552734,9.014476776123047
e0443e9288564393b3b672fe9adbc543.jpg,47.57553482055664,9.300128936767578
e04bb2ecb21b4d339fbd046bb9076d05.jpg,65.14852142333984,26.63019561767578
e07915f3c0e747cd9b2786a94a0ecc6d.jpg,54.00483322143555,17.508676528930664
e07ba152e18d4a949f3296e864e57217.jpg,60.4112434387207,21.241004943847656
e0854d9d936f4b0784b0cabeea04ff1e.jpg,48.47032165527344,9.128933906555176
e0aaaddbddd343eb8fe52adfd49d84a5.jpg,51.499061584472656,6.613703727722168
e0b84be8c28e4ad983811990ea1bd8a7.jpg,58.38558578491211,20.856271743774414
e0c8cee69ac944cdac3eb18dd5431d5b.jpg,54.00370407104492,12.657464981079102
e0d66bcfaa2041108f8cd6c964281b69.jpg,50.67433547973633,3.1491165161132812
e1100b8dcc3140e4bc5df93836e04c28.jpg,47.92173767089844,14.579570770263672
e112a581b4664059a5058ac26ac98671.jpg,56.480491638183594,16.47482681274414
e11cdb5dfc1c4a898322e3f5f991570d.jpg,54.03254699707031,-6.732606887817383
e1491e69949143b8856962c061afaac6.jpg,45.2287712097168,10.221290588378906
e14decedb48047d0955c24fa6f5d8f24.jpg,52.11441421508789,7.830242156982422
e14e0556a1484e2ea754e3f3ded9c061.jpg,48.13831329345703,3.769040107727051
e1561f7c90c74669a5b8f87632510c86.jpg,43.375545501708984,8.33082389831543
e1697ec357084c1593835709a6c743cc.jpg,57.24595642089844,17.10249137878418
e17c8dd31a234d5a97abbb5e091afe94.jpg,45.44654846191406,7.528168678283691
e19e2f3043344155965a448e10a276af.jpg,48.432701110839844,14.956583976745605
e1c8684a4db44ac58d45db4744f6c513.jpg,43.48460388183594,8.922404289245605
e1fb9879340741f084d5759f7714aefa.jpg,39.26203918457031,1.0386295318603516
e1fe27c2f9cc49e898472840b2c108b7.jpg,51.38391876220703,9.72362232208252
e20b6f74a27747f3b8afdd3b5fca6268.jpg,50.67889404296875,14.075228691101074
e214c8971b544765a088ade4845befa7.jpg,56.70598602294922,-11.064233779907227
e21fab23b1864c85bf424a0f05ffa1d7.jpg,48.63310241699219,10.75023078918457
e23e1eee4aa543e4a89e9f50a2652298.jpg,52.59510803222656,12.72441577911377
e27536b241134fb29cabf487c5fe1ed9.jpg,57.9795036315918,16.49828338623047
e28c15dc65324c32b70c9c888b442686.jpg,41.465084075927734,16.531126022338867
e28d9d429973417a9952a07dd81c5d3e.jpg,57.82305145263672,-7.207681655883789
e2f40e393c054badb2b707fb6fcdc08d.jpg,49.37551498413086,11.144166946411133
e333dfab1fc843bbbfc9159696427795.jpg,53.98661804199219,20.848514556884766
e35f51423b0c48648b9d2096637c4cc5.jpg,65.98947143554688,25.755489349365234
e3659b0c9b2141d0b274afc0d26c6fd3.jpg,48.03185272216797,3.6132349967956543
e37c247c452949c9b0c5b74102c12895.jpg,47.04525375366211,18.697908401489258
e393ee1c684c4ca9a47591fb31961a4a.jpg,52.17036056518555,7.799286842346191
e3a5fc37db984a30b6f93981bc6ff3ac.jpg,62.808433532714844,28.653467178344727
e3bea4a17b1445e995262fcbf20468e4.jpg,64.798583984375,23.71664810180664
e3ef875ca7ec426c98bfd47f87091420.jpg,46.396827697753906,8.865699768066406
e41395a79db74f7887c86c99db23f6fa.jpg,51.34322738647461,9.276830673217773
e4350423000346bdaffc4de474653011.jpg,51.428688049316406,5.22736930847168
e449be2d211d4ae68970453533da90b1.jpg,56.01161193847656,9.885897636413574
e46059b87ada4329bccf1de33b977f1c.jpg,37.25721740722656,9.708407402038574
e464f6c0b1f14e648229b1f7c76afc78.jpg,46.53033447265625,15.336231231689453
e49889d1d25d47179937fa64f443534f.jpg,53.936614990234375,12.742744445800781
e4a61243d0cd417b9d2b9fdc44d1fd9f.jpg,51.36302947998047,11.433967590332031
e4b8a846ce234063a9757f815e108189.jpg,52.5396842956543,8.515573501586914
e4e81ca4e832434a863821cd7bbe02f1.jpg,58.39080047607422,-1.2885875701904297
e50ee7676a0a45338bbb6fc42ceb4f72.jpg,52.75117492675781,13.422174453735352
e5200a0b7df14643a1f6009a839e1045.jpg,45.8275260925293,9.205855369567871
e538de9761fb41b4836c4d79249f9d5f.jpg,44.17258071899414,7.781571865081787
e53dcbfe218b410e9806695d4ec10b7c.jpg,59.44860076904297,20.534948348999023
e556d8738e1a4627ad719a338ebe8a34.jpg,59.953773498535156,15.205022811889648
e55cc266fd224e688254485d92b2c1df.jpg,47.3937873840332,9.212835311889648
e56359ee6efe40aeba48ce0f47a6003b.jpg,56.85308837890625,-1.141098976135254
e570f09753624aa085fdc748cd191712.jpg,52.675811767578125,9.869421005249023
e59a1214beaf42d2bb475029249462b3.jpg,50.40561294555664,8.282083511352539
e5abf1df312e40bca3416a4695ac01e8.jpg,42.587745666503906,12.440311431884766
e5b8b1293777445fa132187e21bed7a4.jpg,53.827842712402344,20.21041488647461
e5e014d689834de8926fa2c4fc0ad274.jpg,58.10265350341797,19.2828369140625
e5fc917c11d045d99aa1f3670dbe29c9.jpg,50.368961334228516,20.18997573852539
e602c978d1c546a28f24a847da31f1a5.jpg,53.044376373291016,13.070222854614258
e62896f64ace4c71a6f030b80b2cebae.jpg,57.15845489501953,11.101726531982422
e63e4eec98fa412386c12b46be0aea87.jpg,58.46974563598633,20.49887466430664
e64a541747024ee1993af88f2f88014d.jpg,52.113922119140625,13.286980628967285
e6544c378baa49939f427d2b48007371.jpg,51.5123291015625,12.832734107971191
e694f0dd4f1f46288f86724bea07bf8e.jpg,47.520633697509766,9.68814754486084
e6c9dd4d70264d57be1529a0fe20b09e.jpg,48.899681091308594,12.320042610168457
e6d7a4af79d14142965454aa22fc0fd1.jpg,56.50819396972656,16.148771286010742
e6e45b71bb1f4200ae08309f5f5fd55c.jpg,51.959285736083984,14.23230266571045
e7028dc14663484d8e13a19b103bebe3.jpg,46.841163635253906,13.38005542755127
e70501a681d147b386709283172e1fac.jpg,63.404296875,22.536500930786133
e7206dd6162b4d8e83cb52ea7ea554b9.jpg,55.71583938598633,14.162535667419434
e737e3afa32144b5a6b56e0ffcf6e748.jpg,61.689727783203125,21.51360321044922
e792758750be4ec4b6ec70f6faf4197d.jpg,64.91240692138672,23.33020782470703
e7a77ce0e93d4a55a41a75a932f22df1.jpg,52.41678237915039,12.776904106140137
e7a87f7850ca41f6a11244022f88fe96.jpg,45.44205093383789,8.52778148651123
e7aa24555ff543b293ea38bac551036c.jpg,51.798763275146484,12.642898559570312
e7aaa7e025b349beaf3e2a81e8c5d60a.jpg,59.61077117919922,21.879451751708984
e7c3051adca649769eeea91a518ca7fd.jpg,55.890541076660156,11.371403694152832
e7db2ae5789e4102852ca5868983bf28.jpg,62.990169525146484,-7.644010543823242
e7fa18e37a4940afb5d00135b7040576.jpg,64.2933578491211,-16.201143264770508
e80d5c4211b84cf887371bbe9e2263bf.jpg,41.94693374633789,20.758914947509766
e82599c5aebd47009f519654934c64e8.jpg,57.82414245605469,16.993350982666016
e84ba70a1fb644aaabe4245b53167931.jpg,53.00847625732422,-9.382247924804688
e85e220bb701492ba455ef2efe133b7c.jpg,56.66511154174805,13.914852142333984
e87d21d878ad46e4ba5cd19cf2fb9dbd.jpg,42.83002471923828,5.372625827789307
e881572540ef4ab18c2f9a8a9c34f236.jpg,56.52983856201172,17.64012908935547
e8cab478408747cbbba4a727844ad790.jpg,67.22472381591797,25.58770751953125
e8cce57fd2a84ec9b428b4e4d46475eb.jpg,52.730995178222656,13.24489688873291
e8e647d626a84a5fbe4ee86f854df51c.jpg,40.271095275878906,4.253907680511475
e9152bf50a594bdda5b1f1e89562630c.jpg,56.42708206176758,16.929485321044922
e93d01ea512d44f28d3fcaa29c16ed2f.jpg,48.39309310913086,18.041479110717773
e94d0ceff5e542e581bdf7e07a7d151b.jpg,50.758975982666016,13.080147743225098
e96dc1c37f1e4819836791e722a17200.jpg,53.51531219482422,6.033908843994141
e99af8a0789846f39aae6714e00d8fd6.jpg,54.39155960083008,15.974325180053711
e9c4f87ed38447dca446e7dafad95efb.jpg,51.7706184387207,12.126275062561035
ea062cf8052d4dbc8609cd0164d3046e.jpg,52.828330993652344,8.668560028076172
ea2140c42a03422fb83899e96ee3a86a.jpg,58.17250061035156,18.740890502929688
ea2639ff4a214864aaaa97358d743c05.jpg,62.426937103271484,-13.532880783081055
ea68985dd2f64e569b9321698c63805e.jpg,54.53522872924805,14.692103385925293
ea8124a975c3403c88d46e61231d6ae5.jpg,43.821250915527344,14.088120460510254
ea8901f314964a80ab94d94edd9580dd.jpg,53.2971305847168,15.890057563781738
eace9feff32244c892a34d58b2c50139.jpg,53.77952194213867,12.997559547424316
ead9a400aa33401bbd7f52fa4537ba1d.jpg,61.39096450805664,21.383731842041016
eb2fb33c6c45471b993b5449a0aa4363.jpg,51.5367546081543,3.9877233505249023
eb300ad8e9964cd69c2c0c04e9a23220.jpg,56.0401725769043,22.005521774291992
eb513e25cc064e4aa3f645c6e31a0b67.jpg,49.27275466918945,10.44795036315918
eb8624a5ea7341278533c6f9b0ec9622.jpg,50.81174850463867,9.995145797729492
eb8f0964817b4ec6a5dab162e28cfdc3.jpg,63.12822341918945,22.221023559570312
eb9784eec767489d84cd352718b91f07.jpg,48.73839569091797,15.72418212890625
eb9b4d363385451fa6ce539daebb24b8.jpg,50.002132415771484,10.380592346191406
eba935d1e9d945b09e6ea259ffe0e87b.jpg,56.33966064453125,19.642318725585938
ebcd658dd5bb42b5b30a1f607f1ec9f1.jpg,55.07024002075195,15.60877513885498
ebd0daa72e254466a682fae21ee13cdb.jpg,51.03944396972656,9.28016185760498
ebf4938ce9994a32989e4036f8ad403b.jpg,41.56944274902344,12.335304260253906
ec22b3e5bee8474ba44c8799d0283c8c.jpg,58.147010803222656,17.61650276184082
ec4d1535e0c8404683246a7196fced60.jpg,67.8478012084961,-23.26972770690918
ec76993e503144febe72ad8a9760559b.jpg,52.04255294799805,12.636102676391602
ecb47049ea934d19aeba50e34174eb15.jpg,45.585060119628906,9.349793434143066
ecc8d3d32aff4cfabc9f6f28492fb3d9.jpg,69.10005950927734,-22.31720542907715
ecdf46f7e2174e48b6bda9ee026e2206.jpg,61.77272415161133,22.33243751525879
ecedc995a7e549c3a5b3e6c2e7dc4a23.jpg,52.13401412963867,14.250349044799805
ed38cfb8b1744167916f69cec378c0f8.jpg,50.67329788208008,9.992980003356934
ed3c75b3cb5747d88220c7a15d379c64.jpg,54.71464538574219,17.655061721801758
ed44c647ff9c43e4a0b1fbe566f7db80.jpg,55.29168701171875,13.836989402770996
ed67e352347b4bffa7525c702e161882.jpg,49.132118225097656,9.271634101867676
ed96de46df5041089a403d24b05437cf.jpg,51.61301803588867,13.259106636047363
edc613cd3fc34e16b0770de3d6e56cdd.jpg,48.97870635986328,12.455338478088379
edfa71e80b1a416aa9bdf068b938b330.jpg,59.005882263183594,15.869658470153809
ee70ec59bcd64a29bc82777178af7f17.jpg,54.30006790161133,16.254417419433594
ee75839a135443cb8c4ddffa928cca4d.jpg,55.919700622558594,19.383895874023438
ee8088fd82f74af797259c333b396f74.jpg,51.50950622558594,3.0634498596191406
ee82a746dab846398097b55e5346d5fc.jpg,50.190650939941406,8.157482147216797
eea6ed9ff10c451db25694de7780f496.jpg,52.844608306884766,11.899147033691406
eeb33bc2d5af497d867b326051076602.jpg,44.060333251953125,8.169326782226562
eec46c22639c405da2416ad80ed1e512.jpg,59.03712844848633,19.145545959472656
eed3e3bab6ff4d338dff1ca7950f4d08.jpg,69.3161392211914,26.713661193847656
eede108b7ce5474ca3abd2ce7401c23e.jpg,47.579917907714844,10.817294120788574
eee739a4d0dc4e608375c35b4520fafe.jpg,43.156925201416016,17.96369171142578
ef41ae60882343078664cd13007d8170.jpg,51.558006286621094,9.888185501098633
ef50cbcf25f24f818c668562ae2c3232.jpg,55.00507736206055,14.315542221069336
ef65eeb6d88f4bb393b6d27de98e4b94.jpg,61.194068908691406,21.3232421875
ef8e91970a7942d993a6f294d2fa2ecb.jpg,60.92253875732422,-19.31368637084961
efdaecd7bca546d4a5d02a63e338390c.jpg,48.22264862060547,8.106866836547852
f003577fa17843d49ddd16dd3dc69063.jpg,54.58113098144531,13.657573699951172
f010a8ae2ef04b61bb9ce9bd536aff64.jpg,61.539127349853516,23.644725799560547
f0116dc14c14478a880eeeb42e3c6c8e.jpg,56.828697204589844,3.940723419189453
f0228996d1d14d90a634003e77d545d3.jpg,40.26409149169922,12.49236011505127
f0568f2c048143a2897e684a390373e6.jpg,42.21839904785156,10.064183235168457
f08049c547cd43889d7bf795066afeff.jpg,62.62238693237305,-14.469970703125
f0b4299daf3344a8a0dfcc379ee20916.jpg,56.906410217285156,18.473527908325195
f0d5a87dcf0a4fcebcef54e307de0b6a.jpg,51.36749267578125,10.950347900390625
f0de4ddca05e487db2996a9da7b71668.jpg,56.29937744140625,16.286771774291992
f0eb31c6dea34869978f32616ae2eb07.jpg,59.18271255493164,21.22905158996582
f1088e9d6a484ae3a5c5921f881bda31.jpg,55.12909698486328,10.074735641479492
f1121ef37289426b9e6cba39b94dcba5.jpg,49.3903923034668,14.033961296081543
f121bedfc08445de91cbccbb415cffc6.jpg,58.018245697021484,22.89458656311035
f148d5c953f54b35b5ddbb23f75a85ab.jpg,61.03837203979492,-7.001819610595703
f14922474d4445bf9cf80178e01c054d.jpg,59.00758361816406,22.275943756103516
f17867d6ac404d23ad1849356f8a13b4.jpg,44.851680755615234,12.809589385986328
f17a9863e16349e7ac682d56b4c3e687.jpg,53.005950927734375,12.50735855102539
f194839b0d314ee4b842f0c1a16d9c17.jpg,61.03244400024414,21.006643295288086
f19929230d8e4b7d8eae9fb9879417e8.jpg,37.815025329589844,11.697107315063477
f19f2a201f2c4c3ba9e914f5d375c983.jpg,61.29787826538086,22.85226821899414
f1d8d81e0ff54bbeb1d6ccc5819daa31.jpg,49.172569274902344,14.435466766357422
f1f0124c73454334b9463597b2bb667c.jpg,51.42177200317383,22.399513244628906
f2084112adf4419abbb910a50c414684.jpg,48.573272705078125,12.408616065979004
f210b3ae9473491e903e68843a76cae0.jpg,53.498069763183594,17.093618392944336
f2172f52c5a04bef888038134328ad54.jpg,52.785728454589844,10.929469108581543
f21aec60419045d89c733debf13b51d6.jpg,42.22046661376953,13.23466968536377
f23e76983f664b2780df0c5c54f9736e.jpg,51.81414031982422,10.557414054870605
f2433d84824e4da6a44b2552391a4462.jpg,44.85389709472656,10.737597465515137
f2436bbe56cf48fc987fa77f801ae4dc.jpg,69.49271392822266,24.196706771850586
f2703d45195244db80f8a76ef8224f04.jpg,66.82958984375,-18.366992950439453
f280b927aec249f880d680ff65a3b07f.jpg,57.53673553466797,12.94015121459961
f28fe5d995694a37adb931787f9155c3.jpg,49.015472412109375,12.60393238067627
f293d6dcbb994b40a741b62dfdeaf9ca.jpg,55.35993576049805,13.902909278869629
f2b4edbe9f354718a3c00311e6aa22c7.jpg,58.036659240722656,21.0885066986084
f2b8f737985d47c6929b2d3efd73ef93.jpg,41.644596099853516,6.1202778816223145
f2be799b90cf4c8f9dfd643e317d9e38.jpg,55.7307014465332,21.343624114990234
f2ced4f826434ce18d313b817f27c69d.jpg,47.1266975402832,7.452466011047363
f30aa619318d4bc48fa0445b4809ef8e.jpg,48.87373352050781,10.082707405090332
f314519607f54f57839d431a5f1837bc.jpg,65.29605865478516,22.99227523803711
f31739438b5042c9902510d9f27eb833.jpg,38.157264709472656,9.811738967895508
f32ac1b6d1094975b5e8b1421117d467.jpg,41.32323455810547,13.930274963378906
f32e474f0a864fd59ea4df88c0e4a395.jpg,51.08050537109375,13.486598014831543
f33ea7a793964795b1b1bedb2fbafe6c.jpg,57.67161178588867,15.012598991394043
f34f9ab9809f45a0ae443e3dbb336cbb.jpg,48.020530700683594,15.45314884185791
f35215be291e4e349a8a8ea1c94bbab2.jpg,58.544742584228516,14.881675720214844
f3558ba3dba44011aba80ad157368a59.jpg,65.91893768310547,-17.031349182128906
f36226ee870f4858891aeb6c04b5f74c.jpg,57.14569854736328,-10.907890319824219
f37a139ca88040a69bc7ba8ab4362a3d.jpg,67.59742736816406,-18.09352684020996
f395ec39d1cc4034a2a26d0dbbf52593.jpg,50.717247009277344,10.845247268676758
f3a4e14b5e944cdbb9db9febe5a31bbd.jpg,56.56422805786133,18.712055206298828
f3c4ba430bdb4f59aa48156acc7d2695.jpg,51.99722671508789,8.505695343017578
f3c763a7f6764c09bda3c9cbbdc23084.jpg,49.75843048095703,12.0343017578125
f3d69006b4e34d6198184b2332bf16a7.jpg,51.95459747314453,10.409852981567383
f3dd018b24c54fec8512c34bc3732bf2.jpg,63.85688781738281,-15.108255386352539
f409042ef073416cb1a8b641dc93d163.jpg,60.84827423095703,23.156490325927734
f4103fb6cc3344c6959b95b177ccd844.jpg,50.144432067871094,10.09358024597168
f423d2ec837744df9dfd69a1d2928653.jpg,64.13873291015625,23.23871612548828
f434c67c707445cf9b05df9f89d783b2.jpg,65.36063385009766,11.422333717346191
f43b1d53851741a78a4bd5e83f1653f1.jpg,51.71354293823242,14.863000869750977
f45bd984b7da4d968144fbf4b5c06abc.jpg,51.26266098022461,17.063417434692383
f4676c0107114f41969a7b878d5a8d54.jpg,42.64025115966797,12.390132904052734
f46d26c50fc145659fc66111f794461e.jpg,51.657188415527344,12.309701919555664
f475b24095d94a2ab33abb8d9f8e1f1b.jpg,42.763248443603516,14.802031517028809
f4bf1b17caa44ae8b87abe016069dc62.jpg,48.2103157043457,7.866978645324707
f4dd19a7a9be4474af451f16159801be.jpg,49.496768951416016,12.306089401245117
f4e9e05355e84ea5b35199a04df0cf1e.jpg,51.11252975463867,4.2414703369140625
f4eeb86d1b3d4e95b144eec0efca22bb.jpg,59.9986457824707,16.67791748046875
f4f21aaf96ce4bba8157c16259dfcda0.jpg,68.87533569335938,27.63136100769043
f51383e540024d4aa2085727d29114e3.jpg,65.38982391357422,27.232410430908203
f51ec94288264bf288349142c1de3380.jpg,57.48165512084961,19.41845703125
f52c701ca3944b8399c8dfc20eb01832.jpg,65.42671203613281,24.1607608795166
f55c4ef95bee4d6c8a146fbc0f40e11c.jpg,50.64649963378906,5.192596912384033
f56bf132ae384b51bf3467de83993984.jpg,59.372718811035156,14.080880165100098
f5818f2bf0c643dca0a834109458a7a1.jpg,54.457767486572266,13.007669448852539
f5b71d21441c4c94b1af7e5a721165e6.jpg,58.23832321166992,21.287525177001953
f5e010f6247344d98615f695f15454c9.jpg,61.62987518310547,-13.832189559936523
f617d679d06d48619470822005357b98.jpg,57.59934997558594,21.944778442382812
f618a17181304b968c57398772092c60.jpg,46.72498321533203,11.75350284576416
f61f7f9b7906454e8229c14be9fffbe1.jpg,63.0006103515625,18.99386215209961
f62cc3e917db48318dbac4e59d652dbe.jpg,54.78705596923828,20.20193099975586
f6348d1bc57c4209b9a9ede1f2f37239.jpg,53.70719909667969,16.000673294067383
f63be0497f5d4b31ad834c00c62e6cc9.jpg,48.91238021850586,9.730822563171387
f6412f0dacdb44ec801057faad9ef316.jpg,44.33113098144531,5.14892578125
f6822d86305442ad88a9d7cf5ada0b0e.jpg,70.73542785644531,-22.1307430267334
f6835a578b6c4203abd67dc9e07c1f9a.jpg,44.39165496826172,10.46219253540039
f6d9bbcc5b434fd7a53d0c97f809a105.jpg,51.319583892822266,11.058768272399902
f6e9843a4304405795498c251dd91d1f.jpg,45.78957748413086,14.482105255126953
f710e4246d484dbd8267cb3815bf1f1a.jpg,48.032718658447266,10.306354522705078
f713525184ac42e4a5ce36e5950ae05f.jpg,51.3875617980957,12.425542831420898
f714953ecdde4a4e8b20c363a6f339cb.jpg,45.8900260925293,8.917580604553223
f7195dd0cace42f7abdee37361ecbb55.jpg,50.963802337646484,12.304914474487305
f7270047212a49ddbf8e448d6a1ee1a6.jpg,52.80204391479492,13.35501480102539
f76e221939594a4f8a4fbccc70b5255c.jpg,51.086097717285156,4.290088176727295
f77ec067e00c4f01af8cf94bf7697e03.jpg,48.185035705566406,4.327739715576172
f7bda72392b74a33972d111eb46d8604.jpg,65.4429702758789,27.350799560546875
f7ded185eaf04e8284841e9be8d333d5.jpg,51.829769134521484,8.651243209838867
f7e2fe3f89ca4b908442358892c320aa.jpg,51.55413818359375,8.147205352783203
f7e6bca292374bc4874079daa52b126a.jpg,57.717445373535156,26.01059913635254
f7f15af0360f44488fca8b40e5e3f19e.jpg,48.724143981933594,15.791601181030273
f803924d540746e6aaac40938c42ccaf.jpg,51.38068771362305,14.409934997558594
f81b64d7d2c6453695ca8dbe4b4cae15.jpg,66.22686767578125,26.753732681274414
f84d2ea58e174522a83b11809b685d23.jpg,51.037418365478516,5.5288214683532715
f84f848441fd4664a63bddb73c47db81.jpg,60.67143249511719,14.949691772460938
f85fed3613564d788faea437ab853917.jpg,51.42882537841797,16.719585418701172
f865d4e7fbb64fe4946622f35155844c.jpg,44.827823638916016,25.215150833129883
f894af6331894d47af9ed00e7c59c24d.jpg,49.55294418334961,14.045600891113281
f8ced23f611d4f3dbfb52a4afb32fc51.jpg,50.78257369995117,8.329879760742188
f8f5fec8c41a4e1593571cc8691b8e8b.jpg,52.82485580444336,11.138667106628418
f8fe5264279346fd93a2b20add0d1ef3.jpg,50.28834915161133,11.868596076965332
f93d7ee6aa164b2baffb6879f7532c00.jpg,58.41524887084961,17.067001342773438
f968393185a144858be6a8efeab21459.jpg,52.738189697265625,7.822260856628418
f974de33588144d8a2e370fb556e0097.jpg,50.53569412231445,-9.742034912109375
f97f13ad7a0d4ffabd058d56b82f383f.jpg,47.311607360839844,7.706882476806641
f9cfcb595d264cde871e2b0a4e12e8fe.jpg,54.68416213989258,15.13549518585205
f9dace03ec8142d5a028698f7c99c3c8.jpg,65.43506622314453,25.197101593017578
fa00a8a174124b3ba631cdce35f89493.jpg,43.94310760498047,3.558234214782715
fa06a5c8c6f0402f96495ae7dd3da5a7.jpg,46.78841018676758,18.417421340942383
fa2e430992084c10b28cb6ffac5e04f2.jpg,58.31903076171875,18.45408821105957
fa4c868b169f42b98879ecc15ad6a381.jpg,52.08229446411133,10.468079566955566
fa5366292f7e4baca4566c18145fc265.jpg,47.132240295410156,15.39334487915039
fa6e8a00075c486eb54c99e00af18520.jpg,50.80350875854492,10.334506034851074
fa80683cbd544fb581dd8ac8d9916f5a.jpg,63.94350814819336,-22.54877281188965
fa881f67840948958570fb14192c6e12.jpg,50.48542022705078,6.53123140335083
faac20ae3b664edb89bf5b576a36b8e8.jpg,48.31140899658203,14.74588394165039
fab5eba7d3284ca497b8de9af4c03cf4.jpg,53.60710144042969,25.065221786499023
fb1749b5ace14d6098c172198effc8ec.jpg,61.09637451171875,22.802539825439453
fb2c5ca27eaf4f14a790413ebc7f049d.jpg,67.0821304321289,26.44259262084961
fb5c16eceb694877ae2ac6c2dc600857.jpg,63.081504821777344,20.926586151123047
fb8d78c9db36441aaa1ad119f1804fc9.jpg,55.191650390625,16.036104202270508
fb9bafd284c7473f9718b8ada34a1452.jpg,57.393768310546875,-7.838075637817383
fbdc81e3689245649081aa0c4048a718.jpg,56.866607666015625,17.385164260864258
fbf4d042f8a14081a8413e39688a1307.jpg,61.423797607421875,2.6946449279785156
fbf501b0518540b382dd5cec3473fd46.jpg,55.288307189941406,18.350305557250977
fc6326c9193a454b9b4159ec087fe249.jpg,58.586429595947266,-8.638589859008789
fc720ec32cdb43aa978c80000c97f2b2.jpg,49.31503677368164,8.073036193847656
fc776a1636fc402e87fe6fbf5c71bb0b.jpg,50.2614860534668,10.227632522583008
fc8a8cf3b6ec4063a9e5bcd4d8cf50d7.jpg,58.826087951660156,-20.981279373168945
fc9ca24679be4b84a61b2498f8f56583.jpg,45.750972747802734,19.660367965698242
fc9feca739cd4b308f53a3dff812ae99.jpg,51.87732696533203,12.169242858886719
fcd1fd8d961d487597884d83ea127c40.jpg,62.542701721191406,24.15579605102539
fce06cf9cfc9408eb4ed12c3c09be181.jpg,53.51221466064453,9.563774108886719
fce95fb84e434ec68d82abd2ba14289c.jpg,54.72294998168945,15.249117851257324
fd18e276ed8c4dde971154efca970175.jpg,45.45344161987305,14.90315055847168
fd29241f33494d559091faf6d50d3220.jpg,46.309085845947266,8.624120712280273
fd2c969b829648a3812e63b7a16d7088.jpg,65.02032470703125,23.08416748046875
fd49c0bab92c4127b3c7a459a4006cd7.jpg,51.857078552246094,13.415535926818848
fd827d4636fb474da0aedd391f3430c4.jpg,49.02573013305664,10.206511497497559
fd98c2e745434c79a0826911ef2e372d.jpg,59.322227478027344,-12.785928726196289
fdb29aad535b4c989e6f13eba0daab7f.jpg,50.44073486328125,14.910109519958496
fdbc621f765746be85d49974ed7daa05.jpg,50.78318786621094,13.500767707824707
fdc39b19628f4f29b850dd89cf3f9792.jpg,43.40376281738281,11.824647903442383
fdc3fed4a51a4c71a0327d1dc02fea7b.jpg,50.076045989990234,5.343899726867676
fde57d3ea707484d80d5a18227572764.jpg,60.68421173095703,20.9779052734375
fdf158c76dc04e35ae7bdc3ffff816c7.jpg,43.26504135131836,11.83515453338623
fe084782bc074c6887f16414be4b5ec2.jpg,45.02728271484375,15.467206001281738
fe0d5de283304da5abaea230e8c5ed09.jpg,54.499786376953125,15.005027770996094
fe280020fac143e29d177ad14ea5c8cb.jpg,53.381778717041016,13.663893699645996
fe39cde4a30b40b2907d6da7ec5477d9.jpg,58.282257080078125,5.628680229187012
fe464af3f2db461abc4d94640851528b.jpg,51.34844207763672,13.121698379516602
fe5cfdea893b4dca824dedd7b0ed0f04.jpg,51.217891693115234,7.1286234855651855
fe5e576c926345348cb8b94fddb69391.jpg,57.02686309814453,17.31957244873047
fe6cee4f4c2c4be4a7232a412c5c5f1c.jpg,53.27851104736328,15.388862609863281
fe72447580cf49208b57e3fe23d82da4.jpg,45.65080261230469,8.153359413146973
fe9b3b925dc749acb8aaf609a6b92716.jpg,50.50613021850586,6.9639482498168945
feb9397f3ce94a4fb8b12e1e6a28e57b.jpg,51.04045867919922,9.393850326538086
fec1b72aee0f46748f04414571cf9503.jpg,45.12456512451172,11.341936111450195
fef99e3b8a8e4cdcb33c22d524f2222f.jpg,59.81767272949219,-2.871962547302246
ff035241b6f14e9a96bcb9fc8a50ed9d.jpg,48.36483383178711,17.203596115112305
ff06494e156545f49573b2ded130db82.jpg,56.0312614440918,18.27593231201172
ff1e316cb3824bf9ab5ba7262d827988.jpg,54.39105987548828,15.279751777648926
ff3ec71405d94db5ac36b35f8ef8b294.jpg,51.84016418457031,12.04794979095459
ff408e4797a2471385567159ba0ed49d.jpg,50.666969299316406,10.568713188171387
ff4e6f20230147c58aafe1297ce2d0e9.jpg,59.01026153564453,19.786624908447266
ff52740b03684601ac43cbc50d644f3e.jpg,53.26247787475586,12.526678085327148
ff5a7641bb0241289d35047e2259a90b.jpg,49.0640754699707,7.078239440917969
ff802272e16441f297271e7e49480ec0.jpg,49.91569900512695,11.372652053833008
ff8bde56c2e147f084aa4733fdd88a4e.jpg,52.213104248046875,2.053142547607422
ffa4d0d8587f499e9b402c4865ed7c3c.jpg,57.79462432861328,-8.735784530639648
ffa7ea6d3e314820889b796b09e5b022.jpg,49.402915954589844,9.900153160095215
fffa99466fa5408aaf87a6142acce635.jpg,49.65552520751953,4.908252239227295
